date,BCOMCL_INDX,BCOMGC_INDX,BCOMHG_INDX,BCOMNG_INDX,Brent_Crude_Oil,CLI_Comp_Business_Situation_DEU,CLI_Comp_Business_Situation_KOR,CLI_Comp_Business_Situation_USA,CLI_Comp_Cars_Registrations_Or_Sales_IND,CLI_Comp_Consumer_Confidence_DEU,CLI_Comp_Consumer_Confidence_GBR,CLI_Comp_Consumer_Confidence_USA,CLI_Comp_Demand_Or_Orders_Inflow_Tendency_DEU,CLI_Comp_Export_Orders_Tendency_DEU,CLI_Comp_Finished_Goods_Stocks_Tendency_DEU,CLI_Comp_Interest_Rate_Spread_DEU,CLI_Comp_Interest_Rate_Spread_USA,CLI_Comp_Production_Tendency_GBR,CLI_Comp_Sales_Expectations_JPN,CLI_Comp_Services_Demand_Expectations_DEU,CLI_Comp_Share_Prices_GBR,CLI_Comp_Share_Prices_IND,CLI_Comp_Share_Prices_JPN,CLI_Comp_Share_Prices_KOR,CLI_Comp_Share_Prices_USA,CLI_Comp_Short_Term_Interest_Rate_GBR,CLI_Comp_Short_Term_Interest_Rate_IND,CPI_Energy_Seasonally_Adjusted_USA,CPI_Index_Seasonally_Adjusted_USA,Composite_Leading_Indicator_CHN,Composite_Leading_Indicator_DEU,Composite_Leading_Indicator_GBR,Composite_Leading_Indicator_IND,Composite_Leading_Indicator_JPN,Composite_Leading_Indicator_KOR,Composite_Leading_Indicator_USA,DJI_INDX,DXY_INDX,Fed_Fund_Effective_USA,GSPC_INDX,IXIC_INDX,Kilian_Global_Economy_Index_WORLD,NYA_INDX,PPI_Manufacturing_Sector_USA,PPI_Mining_Sector_USA,USDEUR_FOREX,WTI_Crude_Oil,XAX_INDX,high_temperature,low_temperature,Natural_Gas_US_Henry_Hub_Gas
2003-09-30,227.44,62.08,81.89,60138.6,28.09,99.7167,99.0363,100.541,100.573,99.2758,99.5085,99.9222,100.006,99.6064,100.529,100.934,101.517,99.6168,100.073,100.738,98.3245,99.2758,98.5809,99.3461,98.345,98.8104,98.5442,142.9,185.1,101.4,99.8228,99.5418,98.7721,100.223,99.3588,99.5656,9275.06,92.85,1.01,995.97,1786.94,47.0087,5644.03,137.1,124.7,0.8577,29.19,990.81,83.0,51.0,4.62095
2003-10-31,227.197,61.84,93.9,58638.0,27.88,99.9684,99.2513,100.944,100.686,99.3337,99.5525,100.202,100.31,99.8594,100.459,101.031,101.617,99.8527,100.261,100.748,98.4525,99.5367,98.7805,99.5242,98.6367,98.8801,98.4712,137.8,184.9,101.462,100.048,99.7018,99.0091,100.358,99.6492,99.9766,9801.12,92.73,1.01,1050.71,1932.21,99.7697,5959.01,138.2,122.7,0.8632,29.24,1063.33,73.0,33.0,4.63391
2003-11-30,239.482,63.82,90.9,56305.7,28.95,100.177,99.448,101.324,100.79,99.3582,99.5914,100.512,100.586,100.06,100.369,101.096,101.676,100.109,100.43,100.635,98.5649,99.7648,98.9268,99.6783,98.9268,98.9605,98.4141,136.9,185.0,101.521,100.214,99.8617,99.2322,100.46,99.8852,100.36,9782.46,90.21,1.0,1058.2,1960.26,101.951,6073.02,137.7,121.5,0.8337,30.33,1098.1,76.0,27.0,4.49167
2003-12-31,258.751,66.72,103.98,72850.7,30.3,100.32,99.608,101.634,100.883,99.3485,99.6302,100.802,100.782,100.205,100.271,101.128,101.708,100.362,100.565,100.443,98.6674,99.9471,99.0569,99.7977,99.1997,99.0449,98.3747,138.8,185.5,101.539,100.313,100.017,99.4334,100.535,100.064,100.683,10453.9,86.92,0.98,1111.92,2003.37,109.958,6464.0,137.7,129.0,0.7945,32.51,1173.55,58.0,16.0,6.14
2004-01-31,264.923,64.45,113.92,65572.9,29.53,100.399,99.7187,101.845,100.962,99.3289,99.665,101.029,100.917,100.317,100.165,101.137,101.727,100.588,100.68,100.229,98.7555,100.074,99.1937,99.8689,99.4207,99.1331,98.3536,143.9,186.3,101.492,100.366,100.134,99.6057,100.594,100.185,100.926,10488.1,87.2,1.0,1131.13,2066.15,122.316,6551.63,138.9,144.6,0.8018,33.16,1197.17,50.0,-7.0,6.15053
2004-02-29,293.937,63.47,134.78,67783.7,32.94,100.429,99.7561,101.96,101.026,99.3187,99.684,101.118,100.997,100.42,100.06,101.139,101.756,100.766,100.787,100.056,98.8156,100.143,99.3364,99.8698,99.5526,99.2268,98.3512,145.8,186.7,101.399,100.405,100.197,99.7461,100.644,100.25,101.073,10583.9,87.31,1.01,1144.94,2029.82,126.408,6692.37,139.3,140.3,0.8005,36.08,1254.41,54.0,13.0,5.37632
2004-03-31,298.274,68.34,136.18,73642.3,32.29,100.434,99.6947,101.997,101.074,99.2996,99.6806,101.129,101.042,100.51,99.9597,101.144,101.804,100.901,100.891,99.9447,98.8418,100.162,99.4766,99.7881,99.5866,99.3265,98.3677,145.1,187.1,101.236,100.437,100.202,99.8541,100.698,100.274,101.137,10357.7,87.61,1.0,1126.21,1994.22,120.33,6599.06,140.3,136.6,0.8123,35.75,1256.75,66.0,21.0,5.39609
2004-04-30,317.624,61.83,120.78,72075.6,35.23,100.431,99.538,101.965,101.106,99.2774,99.6436,101.099,101.055,100.584,99.8776,101.159,101.864,100.995,100.993,99.8677,98.8395,100.14,99.5748,99.6292,99.5449,99.4304,98.4029,143.4,187.4,101.015,100.46,100.162,99.9313,100.749,100.284,101.136,10225.6,90.48,1.0,1107.3,1920.15,106.97,6439.42,141.8,140.9,0.8344,37.31,1213.81,86.0,31.0,5.71524
2004-05-31,341.608,62.85,127.78,78035.5,37.0,100.422,99.317,101.866,101.122,99.2628,99.5921,101.086,101.017,100.641,99.8239,101.169,101.89,101.05,101.087,99.8068,98.8236,100.093,99.605,99.4192,99.4641,99.535,98.4568,147.6,188.2,100.791,100.459,100.102,99.9804,100.8,100.274,101.089,10188.5,88.95,1.0,1120.68,1986.74,84.5311,6484.72,143.3,149.5,0.8206,39.9,1198.11,89.0,40.0,6.335
2004-06-30,317.43,62.54,120.78,73858.5,33.22,100.407,99.0828,101.712,101.122,99.264,99.5575,101.122,100.935,100.683,99.795,101.157,101.834,101.064,101.149,99.7582,98.8175,100.041,99.5832,99.2224,99.3885,99.6331,98.5285,151.5,188.9,100.627,100.436,100.046,100.006,100.848,100.257,101.008,10435.5,88.8,1.03,1140.84,2047.79,62.885,6602.99,142.9,155.5,0.8206,36.92,1249.82,92.0,49.0,6.26714
2004-07-31,374.352,62.23,130.78,73116.8,41.47,100.385,98.8814,101.519,101.104,99.2779,99.5611,101.167,100.824,100.72,99.7781,101.109,101.687,101.044,101.16,99.7504,98.8391,99.9988,99.518,99.0848,99.3401,99.7138,98.6167,151.1,189.1,100.532,100.402,100.014,100.012,100.869,100.232,100.898,10139.7,89.96,1.26,1101.72,1887.36,89.3261,6403.15,143.2,155.6,0.8325,43.72,1240.34,88.0,59.0,5.935
2004-08-31,366.958,65.18,129.29,61494.9,39.8,100.347,98.7408,101.301,101.069,99.3107,99.6066,101.195,100.672,100.733,99.7815,101.028,101.475,100.996,101.106,99.8213,98.9124,99.9731,99.4291,99.0279,99.3461,99.7719,98.7186,151.5,189.2,100.486,100.359,100.027,99.9975,100.854,100.188,100.777,10173.9,88.94,1.43,1104.24,1838.1,99.2887,6454.22,143.7,159.3,0.8206,42.23,1232.41,90.0,57.0,5.40773
2004-09-30,433.297,66.45,140.9,73090.3,47.76,100.292,98.6475,101.086,101.018,99.3581,99.6985,101.207,100.498,100.711,99.8111,100.921,101.237,100.917,100.988,99.9452,99.0452,99.9665,99.3411,99.0409,99.423,99.806,98.8296,152.9,189.8,100.46,100.308,100.086,99.965,100.823,100.117,100.672,10080.3,87.36,1.61,1114.58,1896.84,98.4656,6570.25,144.2,149.6,0.8044,49.56,1271.83,83.0,48.0,5.16714
2004-10-31,458.547,67.87,135.0,82023.0,48.16,100.214,98.6058,100.894,100.951,99.4094,99.8367,101.224,100.315,100.654,99.8623,100.801,101.004,100.808,100.815,100.084,99.2219,99.9771,99.2682,99.0942,99.5573,99.8211,98.944,158.6,190.8,100.42,100.243,100.175,99.9154,100.779,100.018,100.601,10027.5,84.91,1.76,1130.2,1974.99,107.284,6692.71,146.5,160.6,0.7822,51.78,1311.39,74.0,40.0,6.37857
2004-11-30,436.597,71.31,145.99,66611.4,44.23,100.114,98.6457,100.735,100.872,99.4765,99.9973,101.263,100.134,100.572,99.931,100.682,100.788,100.673,100.649,100.212,99.4212,100.001,99.2215,99.1692,99.724,99.8252,99.0575,163.8,191.7,100.368,100.171,100.261,99.8499,100.735,99.9178,100.572,10428.0,81.82,1.93,1173.82,2096.81,122.651,7005.72,146.1,179.1,0.7523,49.16,1406.08,65.0,25.0,6.187
2004-12-31,380.921,68.98,147.87,53559.1,40.38,99.9941,98.7883,100.593,100.781,99.5606,100.153,101.297,99.9634,100.482,100.017,100.576,100.592,100.524,100.515,100.284,99.6161,100.03,99.2051,99.2546,99.8799,99.8247,99.1661,162.3,191.7,100.297,100.091,100.319,99.7712,100.699,99.8413,100.558,10783.0,80.85,2.16,1211.92,2175.44,126.698,7250.06,145.0,169.2,0.7376,43.36,1434.34,60.0,6.0,6.5819
2005-01-31,420.821,66.39,146.09,54648.4,44.51,99.8562,99.036,100.448,100.683,99.6407,100.296,101.278,99.7734,100.396,100.118,100.492,100.411,100.374,100.408,100.261,99.7735,100.06,99.2116,99.3429,99.9948,99.8231,99.2659,157.2,191.6,100.223,99.9836,100.34,99.6843,100.667,99.8155,100.524,10489.9,83.6,2.28,1181.27,2062.41,106.55,7089.83,146.2,163.3,0.7673,48.25,1428.39,62.0,-2.0,6.152
2005-02-28,448.014,68.5,153.86,57702.3,50.13,99.7041,99.3323,100.31,100.582,99.6837,100.412,101.2,99.5626,100.322,100.235,100.425,100.239,100.219,100.301,100.144,99.8696,100.09,99.2267,99.4234,100.065,99.8201,99.3561,161.8,192.4,100.171,99.8477,100.323,99.5949,100.627,99.8471,100.463,10766.2,82.51,2.5,1203.6,2051.72,106.965,7321.23,147.0,166.2,0.7556,51.75,1509.44,54.0,13.0,6.13842
2005-03-31,474.297,67.09,154.27,64845.2,53.22,99.5528,99.5768,100.194,100.484,99.6913,100.483,101.082,99.3841,100.248,100.346,100.362,100.069,100.06,100.183,99.9679,99.9013,100.119,99.2441,99.4858,100.091,99.8119,99.4388,163.5,193.1,100.165,99.7084,100.279,99.508,100.591,99.902,100.385,10503.8,84.06,2.63,1180.59,1999.23,109.94,7167.53,148.9,176.0,0.7713,55.31,1459.7,54.0,10.9,6.95545
2005-04-30,422.136,67.86,151.05,55058.0,50.61,99.4358,99.7158,100.116,100.389,99.6805,100.502,100.955,99.2919,100.172,100.426,100.29,99.8843,99.9143,100.069,99.8082,99.8977,100.152,99.2704,99.5388,100.092,99.7931,99.5172,166.7,193.7,100.196,99.6038,100.217,99.4284,100.571,99.9647,100.328,10192.5,84.43,2.79,1156.85,1921.65,106.626,7008.32,149.6,184.3,0.7768,49.2,1439.49,86.0,33.0,7.17571
2005-05-31,426.402,64.79,150.28,52467.1,49.3,99.3782,99.757,100.103,100.3,99.669,100.485,100.84,99.3001,100.103,100.467,100.215,99.6936,99.7973,99.9826,99.6974,99.8943,100.194,99.3388,99.6143,100.099,99.7629,99.5952,163.3,193.6,100.245,99.5581,100.15,99.3596,100.581,100.061,100.316,10467.5,87.76,3.0,1191.5,2068.22,85.6661,7134.33,149.4,177.9,0.8124,52.08,1472.58,78.0,40.0,6.47381
2005-06-30,455.493,67.6,160.98,57151.2,55.36,99.3918,99.7611,100.168,100.22,99.6708,100.453,100.71,99.3947,100.087,100.463,100.149,99.5148,99.7233,99.9562,99.6387,99.9154,100.243,99.4865,99.74,100.131,99.7243,99.6751,163.7,193.7,100.306,99.5849,100.105,99.304,100.628,100.216,100.348,10275.0,89.11,3.04,1191.33,2056.96,56.9682,7217.78,149.6,178.1,0.8262,56.63,1544.41,94.0,48.0,7.18455
2005-07-31,478.647,66.47,175.32,64092.9,59.77,99.4759,99.7842,100.283,100.149,99.7072,100.422,100.477,99.565,100.133,100.415,100.101,99.3571,99.6942,100.003,99.6375,99.9643,100.299,99.7349,99.9175,100.185,99.6837,99.758,172.8,194.9,100.354,99.6846,100.087,99.2636,100.713,100.42,100.399,10640.9,89.35,3.26,1234.18,2184.83,35.145,7476.66,151.0,193.4,0.8244,60.71,1604.63,94.0,56.0,7.6165
2005-08-31,534.462,66.82,177.41,89799.8,66.8,99.6118,99.8632,100.415,100.088,99.7961,100.384,100.147,99.7664,100.235,100.342,100.067,99.219,99.6964,100.138,99.6976,100.04,100.36,100.092,100.132,100.254,99.6507,99.8464,183.5,196.1,100.37,99.8392,100.091,99.2387,100.822,100.652,100.472,10481.6,87.58,3.5,1220.33,2152.09,34.1112,7496.09,151.8,203.6,0.8101,68.63,1655.95,96.0,60.0,9.52478
2005-09-30,510.052,72.04,189.24,107241.0,61.7,99.7906,99.9833,100.545,100.037,99.9331,100.338,99.8481,100.007,100.38,100.257,100.046,99.0994,99.7237,100.35,99.8257,100.151,100.425,100.545,100.366,100.334,99.6306,99.9426,208.2,198.8,100.351,100.046,100.116,99.2284,100.952,100.872,100.581,10568.7,89.52,3.62,1228.81,2151.69,56.8525,7632.98,154.2,233.1,0.8311,66.21,1736.89,91.0,49.0,12.5315
2005-10-31,465.019,71.22,198.39,90986.5,58.47,99.9958,100.128,100.625,99.9954,100.114,100.297,99.7444,100.26,100.554,100.165,100.037,98.9951,99.7698,100.6,100.018,100.312,100.493,101.06,100.598,100.431,99.6239,100.047,205.9,199.1,100.322,100.285,100.173,99.2328,101.1,101.046,100.735,10440.1,90.07,3.78,1207.01,2120.3,68.8532,7433.12,156.6,254.3,0.8341,59.8,1656.62,80.0,33.0,13.6338
2005-11-30,441.379,75.44,217.72,90597.8,53.25,100.212,100.289,100.642,99.964,100.327,100.277,99.8761,100.509,100.744,100.07,100.034,98.8958,99.8332,100.828,100.254,100.538,100.563,101.592,100.809,100.563,99.6288,100.155,191.0,198.1,100.309,100.539,100.278,99.2537,101.248,101.141,100.92,10805.9,91.57,4.0,1249.48,2232.82,61.4566,7645.28,152.7,247.4,0.8482,57.33,1689.8,70.0,21.0,10.3005
2005-12-31,464.407,78.5,230.84,81861.9,58.34,100.436,100.454,100.606,99.9428,100.566,100.289,100.129,100.77,100.925,99.9666,100.036,98.8026,99.9178,100.995,100.55,100.807,100.634,102.078,100.974,100.72,99.6426,100.262,187.6,198.1,100.324,100.807,100.416,99.2917,101.388,101.141,101.095,10717.5,91.17,4.16,1248.29,2205.32,50.1538,7753.95,152.8,234.6,0.8442,61.06,1759.08,55.0,10.0,13.049
2006-01-31,509.572,86.31,251.92,67138.4,63.19,100.657,100.588,100.544,99.9315,100.799,100.334,100.344,101.017,101.065,99.8474,100.053,98.7246,100.024,101.11,100.865,101.086,100.699,102.457,101.062,100.879,99.664,100.361,196.6,199.3,100.374,101.067,100.555,99.3462,101.517,101.046,101.23,10864.9,88.96,4.29,1280.08,2305.82,35.7911,8106.55,154.1,234.3,0.8227,67.86,1860.83,60.0,10.0,8.685
2006-02-28,459.04,84.57,248.31,47564.2,59.78,100.854,100.659,100.477,99.9292,100.976,100.387,100.455,101.231,101.134,99.7152,100.086,98.6674,100.149,101.181,101.128,101.344,100.754,102.7,101.066,101.015,99.6948,100.446,194.1,199.4,100.465,101.286,100.709,99.4155,101.618,100.888,101.315,10993.4,90.11,4.49,1280.66,2281.39,43.647,8060.61,153.5,207.4,0.8389,61.37,1847.22,56.0,8.0,7.52526
2006-03-31,485.41,87.16,280.74,49636.4,66.06,101.011,100.636,100.406,99.9346,101.09,100.435,100.477,101.394,101.136,99.5721,100.124,98.6245,100.283,101.203,101.29,101.548,100.799,102.806,101.003,101.114,99.738,100.521,192.0,199.7,100.593,101.448,100.86,99.4955,101.68,100.7,101.345,11109.3,89.73,4.59,1294.87,2339.79,49.8131,8233.2,155.0,202.0,0.8252,66.25,1935.99,73.0,18.0,6.88
2006-04-30,518.32,97.23,368.75,44194.2,72.15,101.117,100.518,100.331,99.944,101.145,100.49,100.431,101.488,101.081,99.4186,100.146,98.5785,100.42,101.182,101.346,101.685,100.832,102.788,100.887,101.168,99.7962,100.592,198.5,200.7,100.749,101.547,101.001,99.5808,101.7,100.51,101.315,11367.1,86.11,4.79,1310.61,2322.57,44.1875,8471.43,157.2,210.6,0.7915,71.8,2007.83,76.0,33.0,7.16842
2006-05-31,502.73,95.48,414.95,41429.7,67.57,101.18,100.343,100.241,99.9546,101.139,100.535,100.392,101.511,100.999,99.2699,100.129,98.5104,100.554,101.137,101.317,101.785,100.863,102.667,100.727,101.186,99.8705,100.668,199.8,201.3,100.902,101.585,101.121,99.6681,101.659,100.342,101.251,11168.3,84.72,4.94,1270.09,2178.88,43.1189,8189.11,158.5,215.4,0.7804,71.42,1928.36,83.0,44.0,6.23591
2006-06-30,515.92,90.63,389.53,37536.1,73.2,101.22,100.18,100.145,99.9641,101.064,100.578,100.456,101.507,100.924,99.1308,100.061,98.4101,100.687,101.097,101.229,101.901,100.902,102.513,100.555,101.197,99.9613,100.757,199.8,201.8,101.013,101.583,101.231,99.7588,101.592,100.228,101.192,11150.2,85.22,4.99,1270.2,2172.09,53.7461,8169.07,159.5,204.2,0.7818,73.94,1928.59,92.0,51.8,6.20364
2006-07-31,513.09,93.22,414.5,48392.1,74.75,101.255,100.077,100.049,99.9711,100.948,100.619,100.629,101.467,100.882,99.0141,99.9435,98.28,100.813,101.076,101.131,102.079,100.962,102.405,100.423,101.254,100.07,100.86,207.9,202.9,101.08,101.559,101.35,99.8552,101.529,100.197,101.159,11185.7,85.3,5.24,1276.66,2091.47,64.8944,8242.12,159.4,211.3,0.7834,74.56,1970.42,96.0,62.0,6.17316
2006-08-31,478.9,91.4,406.5,38993.0,67.66,101.312,100.056,99.9492,99.9747,100.829,100.669,100.914,101.457,100.902,98.915,99.7897,98.1388,100.93,101.072,101.026,102.335,101.049,102.372,100.341,101.377,100.198,100.976,211.9,203.8,101.15,101.545,101.51,99.9586,101.491,100.246,101.171,11381.2,85.05,5.25,1303.82,2183.75,83.5864,8388.56,159.8,220.4,0.7809,70.38,2022.33,98.0,56.0,7.13261
2006-09-30,421.542,87.08,407.03,26633.5,59.09,101.4,100.084,99.8454,99.974,100.745,100.725,101.31,101.501,100.986,98.8302,99.6251,98.0078,101.044,101.085,100.954,102.666,101.164,102.409,100.301,101.565,100.34,101.101,198.1,202.8,101.281,101.561,101.737,100.07,101.476,100.318,101.236,11679.1,85.97,5.25,1335.85,2258.43,93.3641,8469.65,156.8,204.8,0.7892,62.9,1906.86,84.0,46.0,4.897
2006-10-31,387.05,87.45,393.51,28557.5,56.13,101.509,100.112,99.7568,99.9678,100.727,100.775,101.746,101.573,101.098,98.7611,99.4773,97.9022,101.154,101.12,100.955,103.053,101.307,102.508,100.29,101.807,100.493,101.23,184.1,201.9,101.505,101.617,101.997,100.188,101.482,100.366,101.334,12080.7,85.32,5.25,1377.94,2366.71,93.7035,8774.98,155.9,176.1,0.7834,58.72,1965.35,80.0,37.0,5.84364
2006-11-30,403.142,93.17,372.85,31578.2,64.36,101.628,100.123,99.7023,99.956,100.804,100.796,102.117,101.641,101.199,98.717,99.3656,97.8267,101.262,101.172,101.04,103.462,101.474,102.662,100.301,102.079,100.654,101.358,184.1,202.0,101.834,101.713,102.26,100.313,101.502,100.372,101.449,12221.9,82.92,5.25,1400.63,2431.77,97.7645,8969.0,156.4,205.5,0.7552,62.97,2069.16,69.0,33.0,7.41
2006-12-31,386.728,91.04,334.99,22804.6,58.96,101.737,100.146,99.6959,99.9381,100.975,100.802,102.38,101.665,101.253,98.7,99.3004,97.7845,101.368,101.218,101.156,103.863,101.664,102.871,100.332,102.357,100.824,101.483,192.7,203.1,102.247,101.823,102.514,100.444,101.533,100.36,101.573,12463.2,83.72,5.24,1418.3,2415.29,100.814,9139.02,156.9,212.2,0.7575,60.85,2056.43,66.2,21.0,6.7295
2007-01-31,360.442,92.97,302.73,26886.5,56.52,101.815,100.206,99.7321,99.9142,101.219,100.824,102.516,101.614,101.26,98.7147,99.2754,97.7709,101.465,101.23,101.304,104.219,101.879,103.104,100.393,102.623,101.003,101.597,190.281,203.437,102.726,101.934,102.743,100.582,101.554,100.366,101.693,12621.7,84.61,5.25,1438.24,2463.93,103.68,9254.73,156.4,188.2,0.7672,58.17,2123.71,68.0,3.0,6.5855
2007-02-28,381.496,95.03,319.42,25591.5,59.39,101.863,100.304,99.8114,99.8848,101.509,100.9,102.503,101.507,101.243,98.756,99.271,97.774,101.547,101.195,101.436,104.499,102.121,103.319,100.51,102.877,101.189,101.692,192.31,204.226,103.272,102.032,102.952,100.732,101.557,100.427,101.811,12268.6,83.57,5.26,1406.82,2416.15,102.016,9124.54,157.7,207.8,0.7557,61.78,2116.56,48.0,9.0,8.00474
2007-03-31,398.496,93.63,365.15,26714.7,68.47,101.883,100.408,99.9108,99.851,101.8,101.032,102.399,101.358,101.233,98.8122,99.274,97.7915,101.602,101.127,101.562,104.681,102.392,103.484,100.694,103.118,101.387,101.766,200.206,205.288,103.897,102.116,103.12,100.894,101.508,100.553,101.932,12354.3,82.93,5.26,1420.86,2421.64,116.923,9261.82,160.1,210.6,0.7486,65.94,2174.9,67.0,5.0,7.11
2007-04-30,379.618,95.66,412.48,26661.4,67.23,101.874,100.496,100.012,99.8137,102.049,101.209,102.261,101.189,101.229,98.8648,99.2754,97.8258,101.634,101.038,101.662,104.764,102.689,103.595,100.954,103.358,101.605,101.81,203.307,205.904,104.511,102.177,103.232,101.071,101.397,100.746,102.048,13062.9,81.447,5.25,1482.37,2525.09,128.407,9627.73,162.2,214.1,0.7329,65.78,2195.28,86.0,28.0,7.599
2007-05-31,361.544,92.43,393.81,26392.0,68.18,101.841,100.565,100.082,99.7734,102.201,101.403,102.124,101.019,101.231,98.9049,99.2538,97.868,101.645,100.94,101.731,104.73,103.0,103.642,101.272,103.571,101.846,101.823,208.635,206.755,104.968,102.208,103.266,101.257,101.226,100.977,102.135,13627.6,82.301,5.25,1530.62,2604.52,138.833,9978.64,163.8,221.1,0.7433,64.02,2363.21,92.0,42.0,7.64091
2007-06-30,391.495,90.24,399.97,22185.0,72.22,101.793,100.624,100.103,99.7302,102.216,101.57,101.974,100.845,101.238,98.9402,99.1878,97.9064,101.636,100.862,101.756,104.576,103.309,103.607,101.608,103.727,102.11,101.816,209.799,207.234,105.15,102.189,103.203,101.441,101.002,101.201,102.181,13408.6,81.92,5.25,1503.35,2603.23,128.41,9873.02,163.7,222.6,0.7385,70.47,2356.38,96.0,50.0,7.34714
2007-07-31,431.373,92.43,422.92,19998.1,77.01,101.743,100.692,100.07,99.6839,102.095,101.698,101.796,100.669,101.25,98.9857,99.0612,97.9279,101.604,100.82,101.728,104.321,103.597,103.468,101.902,103.814,102.387,101.799,209.639,207.603,105.026,102.114,103.053,101.61,100.764,101.357,102.169,13212.0,80.77,5.26,1455.27,2546.27,141.379,9554.5,164.9,222.3,0.7313,78.2,2270.66,92.0,56.0,6.22286
2007-08-31,406.853,92.78,394.16,17884.7,72.29,101.699,100.751,99.9984,99.6344,101.865,101.779,101.543,100.519,101.273,99.0487,98.8882,97.9445,101.557,100.832,101.647,104.001,103.839,103.236,102.107,103.841,102.655,101.783,206.412,207.667,104.698,102.007,102.856,101.75,100.559,101.39,102.094,13357.7,80.791,5.02,1473.99,2596.36,150.573,9596.98,163.0,212.5,0.7337,73.98,2248.6,95.0,56.0,6.22826
2007-09-30,453.131,102.05,422.36,19016.8,80.97,101.668,100.768,99.9101,99.582,101.585,101.791,101.235,100.405,101.3,99.1289,98.7102,97.9808,101.493,100.885,101.534,103.654,104.007,102.959,102.217,103.839,102.884,101.778,210.742,208.547,104.189,101.895,102.646,101.844,100.43,101.283,101.986,13895.6,77.719,4.94,1526.75,2701.5,167.852,10039.3,163.7,214.3,0.7006,81.64,2410.19,95.0,49.0,6.06895
2007-10-31,526.46,108.21,402.98,20568.1,89.87,101.646,100.737,99.8256,99.527,101.301,101.721,100.873,100.332,101.32,99.2081,98.5571,98.0626,101.402,100.958,101.413,103.285,104.071,102.662,102.218,103.787,103.056,101.785,212.386,209.19,103.552,101.798,102.409,101.88,100.395,101.022,101.865,13930.0,76.479,4.76,1549.38,2859.12,187.259,10311.6,164.5,228.3,0.6905,94.16,2530.38,85.0,37.0,6.73565
2007-11-30,500.721,106.45,365.23,17342.7,88.71,101.624,100.671,99.7533,99.47,101.038,101.552,100.472,100.303,101.326,99.2684,98.4339,98.2065,101.28,101.001,101.261,102.884,103.999,102.338,102.103,103.66,103.183,101.803,223.814,210.834,102.89,101.704,102.119,101.842,100.435,100.63,101.736,13371.7,76.147,4.49,1481.14,2660.96,187.769,9856.85,168.0,249.3,0.6834,88.6,2359.85,69.0,22.0,7.1055
2007-12-31,541.951,113.05,348.78,17587.2,93.68,101.588,100.596,99.7021,99.4116,100.82,101.292,100.049,100.272,101.312,99.3058,98.342,98.4287,101.118,100.985,101.123,102.472,103.777,102.019,101.902,103.478,103.28,101.826,225.649,211.445,102.248,101.606,101.783,101.729,100.52,100.149,101.612,13264.8,76.695,4.24,1468.36,2652.28,180.889,9740.32,166.9,249.5,0.6854,95.95,2409.62,52.0,17.0,7.13145
2008-01-31,519.148,124.25,378.25,18880.3,91.58,101.526,100.534,99.6806,99.3531,100.636,100.93,99.5865,100.225,101.266,99.3206,98.2743,98.7225,100.914,100.902,101.006,102.059,103.405,101.728,101.662,103.266,103.377,101.848,226.775,212.174,101.594,101.494,101.387,101.54,100.615,99.6208,101.482,12650.4,75.178,3.94,1378.55,2389.86,148.915,9126.16,168.5,254.2,0.6728,91.67,2215.32,66.0,7.0,7.98286
2008-02-29,574.205,130.54,441.26,21791.9,100.9,101.423,100.481,99.6705,99.2958,100.462,100.458,99.0619,100.128,101.182,99.3255,98.212,99.0574,100.659,100.773,100.869,101.666,102.902,101.513,101.435,103.073,103.525,101.859,229.731,212.687,100.894,101.342,100.92,101.288,100.704,99.0979,101.335,12266.4,73.714,2.98,1330.63,2271.48,144.625,8962.46,169.6,263.8,0.6587,101.78,2326.6,61.0,11.0,8.5455
2008-03-31,575.111,122.77,438.51,23374.8,102.33,101.253,100.395,99.6728,99.2414,100.277,99.8867,98.5276,99.9252,101.05,99.342,98.1474,99.4063,100.345,100.61,100.691,101.29,102.299,101.386,101.237,102.904,103.74,101.853,233.349,213.448,100.169,101.12,100.368,100.99,100.761,98.614,101.172,12262.9,71.802,2.61,1322.7,2279.1,160.389,8797.29,173.4,287.2,0.6341,101.54,2231.83,59.0,23.0,9.411
2008-04-30,645.483,115.25,447.29,24936.6,111.12,101.0,100.239,99.669,99.1904,100.051,99.2454,98.0393,99.6022,100.84,99.3876,98.0919,99.7479,99.9654,100.411,100.454,100.912,101.628,101.335,101.044,102.719,104.001,101.813,234.778,213.942,99.3531,100.805,99.6992,100.665,100.773,98.1772,100.969,12820.1,72.509,2.28,1385.59,2412.8,163.065,9299.6,175.3,301.6,0.6401,113.7,2295.47,84.0,33.0,10.18
2008-05-31,729.196,118.21,413.1,26581.0,127.85,100.655,99.9773,99.6217,99.1439,99.7582,98.6075,97.6676,99.1974,100.523,99.4858,98.0424,100.051,99.5312,100.147,100.138,100.482,100.924,101.272,100.793,102.411,104.274,101.733,243.924,215.208,98.4204,100.377,98.9065,100.332,100.698,97.7862,100.692,12638.3,72.879,1.98,1400.38,2522.66,189.535,9401.08,179.4,329.0,0.643,127.35,2355.12,83.0,40.0,11.2676
2008-06-30,801.073,123.08,444.42,30224.6,138.4,100.2,99.617,99.4816,99.1032,99.4103,98.0405,97.4568,98.6461,100.064,99.6568,97.9895,100.29,99.0479,99.7966,99.7367,99.9842,100.219,101.091,100.435,101.887,104.511,101.601,262.081,217.463,97.3978,99.8088,98.014,100.013,100.502,97.4349,100.302,11350.0,72.463,2.0,1280.0,2292.98,182.978,8660.48,182.0,341.4,0.6347,139.96,2232.05,94.0,52.0,12.6824
2008-07-31,707.051,121.05,419.13,20540.9,124.1,99.6399,99.1945,99.205,99.0706,99.0395,97.6106,97.4013,97.981,99.4334,99.9078,97.9283,100.467,98.5211,99.3728,99.2266,99.4485,99.5478,100.732,99.9793,101.13,104.635,101.399,271.149,219.016,96.3519,99.0976,97.0864,99.7301,100.172,97.1404,99.7656,11378.0,73.227,2.01,1267.38,2325.55,168.763,8438.64,185.6,363.8,0.641,124.17,2144.24,94.0,62.0,11.0836
2008-08-31,658.188,109.57,388.72,17885.7,113.49,98.992,98.7156,98.7737,99.0487,98.6846,97.3544,97.4139,97.2285,98.6097,100.244,97.8843,100.608,97.9692,98.8467,98.6507,98.8946,98.9313,100.204,99.472,100.172,104.56,101.119,262.566,218.69,95.3527,98.2603,96.2037,99.5016,99.7144,96.9074,99.0671,11543.5,77.381,2.0,1282.83,2367.52,150.259,8382.08,182.6,299.2,0.6815,115.55,2079.22,86.0,56.0,8.25143
2008-09-30,571.775,115.56,330.42,15907.4,93.52,98.2789,98.1614,98.2161,99.0394,98.3536,97.224,97.4087,96.4131,97.6093,100.655,97.9111,100.736,97.42,98.2077,98.0378,98.3101,98.3893,99.5589,98.9567,99.0746,104.206,100.758,260.125,218.877,94.4974,97.3242,95.3998,99.341,99.1456,96.732,98.2214,10850.7,79.448,1.81,1166.36,2091.88,110.595,7532.8,182.9,273.4,0.708,100.7,1786.89,88.0,48.0,7.62105
2008-10-31,389.179,94.22,209.91,13776.4,60.0,97.5286,97.5629,97.6304,99.0445,98.0316,97.1664,97.3318,95.6092,96.5018,101.12,98.0643,100.852,96.906,97.4872,97.4399,97.7294,97.94,98.8928,98.489,97.9648,103.538,100.328,238.065,216.995,93.8736,96.3589,94.7173,99.2564,98.4957,96.6546,97.2918,9325.01,85.633,0.97,968.75,1720.95,10.4059,6061.09,176.8,223.3,0.7853,68.1,1466.9,74.0,33.0,6.73609
2008-11-30,309.331,107.17,188.65,12715.8,47.72,96.8042,97.0322,97.1261,99.0664,97.7339,97.162,97.2789,94.9036,95.4187,101.604,98.3821,100.92,96.4685,96.7212,96.9537,97.2411,97.5975,98.3322,98.1342,97.0203,102.629,99.8502,195.155,213.153,93.5565,95.4776,94.2219,99.2512,97.8217,96.7622,96.4017,8829.04,86.517,0.39,896.24,1535.57,-66.8295,5599.3,169.4,184.9,0.7874,55.21,1364.01,70.0,22.0,6.69667
2008-12-31,249.654,115.71,161.26,10897.8,35.82,96.1869,96.7028,96.7932,99.1073,97.4734,97.2092,97.31,94.4241,94.5203,102.06,98.8433,100.937,96.1471,96.0459,96.6402,96.8792,97.3657,97.9279,97.9244,96.3176,101.643,99.3482,176.583,211.398,93.5706,94.7943,93.951,99.3241,97.1957,97.1131,95.6526,8776.39,81.151,0.16,903.25,1577.03,-75.5742,5757.05,164.1,174.8,0.7152,44.6,1397.53,63.0,13.0,5.83619
2009-01-31,214.15,121.27,167.95,8509.06,44.17,95.7357,96.6653,96.6864,99.1682,97.2883,97.3423,97.4215,94.2763,93.9437,102.458,99.3961,100.957,95.9706,95.5692,96.4978,96.6351,97.2415,97.6873,97.8487,95.8525,100.738,98.8423,178.661,211.933,93.9187,94.3891,93.8965,99.4693,96.6928,97.7033,95.1086,8000.86,85.834,0.15,825.88,1476.42,-55.9357,5195.79,164.7,173.4,0.7827,41.73,1420.43,40.0,6.0,5.233
2009-02-28,191.569,123.11,174.47,8006.57,44.41,95.4579,96.9273,96.7949,99.2491,97.197,97.621,97.6214,94.4478,93.7446,102.771,99.9652,101.007,95.9615,95.3744,96.5142,96.5049,97.221,97.6031,97.8891,95.6121,99.9868,98.3517,183.721,212.705,94.5339,94.2768,94.0933,99.6793,96.3847,98.4808,94.8074,7062.93,88.166,0.22,735.09,1377.84,13.5138,4617.03,163.9,159.0,0.7892,44.15,1332.42,59.0,9.0,4.50579
2009-03-31,202.886,120.54,209.17,7067.04,46.13,95.3586,97.3923,97.0984,99.3488,97.218,98.0378,97.9423,94.9377,93.929,102.962,100.493,101.089,96.1294,95.5298,96.6876,96.5035,97.2985,97.6757,98.0329,95.6069,99.3774,97.8912,178.415,212.495,95.3226,94.4591,94.5493,99.9449,96.3034,99.3168,94.7664,7608.92,85.511,0.18,797.87,1528.59,21.3087,4978.98,162.9,159.1,0.7546,49.64,1359.33,60.0,14.0,3.95773
2009-04-30,193.696,116.14,230.69,6079.02,50.3,95.4366,97.9585,97.561,99.4656,97.3701,98.544,98.3545,95.7121,94.466,103.015,100.955,101.202,96.4616,96.0136,97.0184,96.6428,97.4633,97.8814,98.2609,95.8334,98.8784,97.4714,177.552,212.709,96.2237,94.9136,95.2518,100.255,96.427,100.129,94.975,8168.12,84.823,0.15,872.81,1717.3,4.80457,5513.36,164.2,160.5,0.756,50.35,1416.59,93.0,34.0,3.49476
2009-05-31,245.677,127.48,247.59,6632.45,64.98,95.6714,98.5566,98.1199,99.5971,97.6409,99.0913,98.7737,96.6883,95.2602,102.928,101.333,101.33,96.9142,96.7056,97.4954,96.8858,97.6994,98.1615,98.5288,96.2278,98.4629,97.1064,179.83,213.022,97.2045,95.5842,96.1363,100.594,96.7002,100.851,95.3643,8500.33,79.233,0.18,919.14,1774.33,47.4198,6004.07,165.8,166.0,0.7066,66.31,1611.28,91.0,45.0,3.8315
2009-06-30,256.184,120.6,254.8,6287.89,68.11,96.0359,99.1236,98.7185,99.7402,98.0056,99.6592,99.1297,97.7666,96.2013,102.726,101.619,101.443,97.4359,97.4562,98.0571,97.1944,97.9868,98.4549,98.8035,96.7169,98.1092,96.8051,197.033,214.79,98.2212,96.3882,97.1424,100.948,97.0618,101.466,95.8627,8447.0,80.161,0.21,919.32,1835.04,87.6478,5905.15,168.4,180.2,0.7126,69.82,1582.02,83.0,48.0,3.8
2009-07-31,251.157,123.91,294.23,5768.37,70.08,96.4901,99.631,99.3057,99.8916,98.4219,100.218,99.4065,98.843,97.1863,102.44,101.818,101.516,97.9851,98.1461,98.6262,97.5506,98.3091,98.7118,99.0685,97.2517,97.8078,96.5723,195.778,214.726,99.1808,97.2348,98.2008,101.304,97.4551,101.973,96.4077,9171.61,78.347,0.16,987.48,1978.5,74.9951,6424.28,167.1,173.0,0.7017,69.26,1709.37,86.0,58.0,3.38136
2009-08-31,244.082,123.61,315.32,4801.92,69.02,96.991,100.059,99.8317,100.048,98.8267,100.753,99.6509,99.8118,98.1246,102.109,101.943,101.552,98.5246,98.7124,99.1508,97.9245,98.6511,98.9098,99.3024,97.7959,97.567,96.4105,201.583,215.445,99.9663,98.0391,99.2211,101.651,97.843,102.359,96.9586,9496.28,78.172,0.16,1020.62,2009.06,52.3426,6643.24,169.4,182.8,0.6978,69.97,1670.65,93.0,56.0,3.13905
2009-09-30,243.91,130.85,314.48,5814.43,65.82,97.489,100.375,100.267,100.206,99.1575,101.251,99.8813,100.596,98.9529,101.771,102.009,101.564,99.0219,99.1712,99.5932,98.2604,98.9995,99.0332,99.4783,98.2914,97.3986,96.3204,202.777,215.861,100.555,98.7358,100.127,101.98,98.217,102.609,97.4859,9712.28,76.653,0.15,1057.08,2122.42,39.0331,6910.88,168.6,177.2,0.6832,70.46,1778.67,80.0,46.0,2.98619
2009-10-31,264.519,134.88,329.71,5239.69,74.91,97.95,100.59,100.619,100.364,99.3767,101.655,100.067,101.21,99.6453,101.445,102.031,101.572,99.4542,99.5184,99.9233,98.5203,99.3424,99.1044,99.584,98.6976,97.3065,96.3016,204.719,216.509,100.98,99.3014,100.849,102.284,98.5639,102.719,97.9739,9712.73,76.3,0.12,1036.19,2045.11,54.4312,6739.45,168.9,192.3,0.6794,77.04,1752.23,72.0,34.0,3.99909
2009-11-30,263.293,153.09,351.51,4712.8,77.77,98.3611,100.758,100.895,100.519,99.4851,101.948,100.233,101.671,100.205,101.136,102.02,101.585,99.8064,99.7783,100.15,98.7042,99.6714,99.1657,99.6346,98.9962,97.2812,96.3543,210.932,217.234,101.263,99.7482,101.349,102.555,98.8863,102.723,98.4223,10344.8,74.785,0.12,1095.63,2144.6,90.3933,7092.36,170.7,206.7,0.6663,77.19,1762.46,68.0,35.0,3.67684
2009-12-31,260.122,141.94,370.26,5271.03,77.91,98.7238,100.944,101.123,100.67,99.5283,102.142,100.404,102.005,100.66,100.827,101.981,101.599,100.082,99.9638,100.282,98.8332,99.9793,99.2484,99.6537,99.1864,97.3067,96.4742,209.915,217.347,101.367,100.107,101.649,102.789,99.1798,102.647,98.8344,10428.0,77.86,0.12,1115.1,2269.15,80.6778,7184.96,170.8,208.4,0.6985,79.39,1824.95,69.0,10.0,5.34364
2010-01-31,236.944,140.16,337.73,4888.95,71.2,99.0568,101.165,101.303,100.814,99.5451,102.26,100.544,102.259,101.041,100.506,101.914,101.595,100.302,100.12,100.369,98.9321,100.262,99.3425,99.651,99.278,97.3714,96.6561,212.807,217.488,101.31,100.422,101.789,102.982,99.4335,102.509,99.19,10067.3,79.462,0.11,1073.87,2147.35,68.7778,6883.78,173.1,231.3,0.7211,72.85,1796.33,57.0,6.0,5.82421
2010-02-28,257.036,144.7,361.17,4617.86,76.36,99.3852,101.4,101.415,100.953,99.5927,102.289,100.623,102.479,101.358,100.177,101.808,101.55,100.479,100.258,100.442,99.0158,100.519,99.4229,99.638,99.2881,97.4657,96.8944,209.624,217.281,101.136,100.722,101.813,103.134,99.6366,102.343,99.4536,10325.3,80.362,0.13,1104.49,2238.26,52.2374,7035.04,172.2,222.3,0.7339,79.72,1845.71,50.0,15.1,5.31526
2010-03-31,269.083,143.97,390.81,3661.92,80.37,99.7351,101.597,101.453,101.085,99.701,102.216,100.636,102.699,101.617,99.8522,101.656,101.454,100.628,100.388,100.51,99.0935,100.751,99.4763,99.6358,99.245,97.5811,97.1796,209.326,217.353,100.914,101.024,101.751,103.247,99.7915,102.178,99.6293,10856.6,81.073,0.16,1169.43,2397.96,70.3982,7447.8,173.9,219.8,0.7401,83.45,1906.98,71.0,25.0,4.29087
2010-04-30,277.966,152.52,366.82,3627.84,86.19,100.11,101.725,101.399,101.209,99.8664,102.054,100.588,102.898,101.824,99.5527,101.459,101.299,100.757,100.501,100.582,99.1499,100.955,99.4719,99.6465,99.1427,97.7106,97.4981,209.219,217.403,100.651,101.313,101.616,103.322,99.8958,102.02,99.7003,11008.6,81.866,0.2,1186.69,2461.19,65.2934,7474.4,175.2,213.4,0.752,86.07,1927.65,90.0,35.0,4.03286
2010-05-31,232.697,156.72,339.59,3888.51,73.0,100.494,101.769,101.276,101.324,100.078,101.823,100.491,103.04,101.979,99.296,101.229,101.09,100.864,100.582,100.653,99.1906,101.134,99.3926,99.6714,98.9976,97.8472,97.8409,206.631,217.29,100.369,101.57,101.425,103.362,99.9493,101.862,99.677,10136.6,86.588,0.2,1089.41,2257.04,88.7235,6791.57,176.1,204.9,0.8127,74.0,1780.19,93.0,40.0,4.138
2010-06-30,232.493,160.7,320.56,4076.15,74.94,100.878,101.744,101.134,101.428,100.373,101.555,100.347,103.129,102.09,99.0903,100.996,100.86,100.952,100.625,100.756,99.2617,101.289,99.2741,99.728,98.8847,97.9812,98.1951,203.764,217.199,100.121,101.81,101.217,103.372,99.9714,101.689,99.5992,9774.02,86.019,0.18,1030.71,2109.24,67.19,6469.65,174.8,204.8,0.8173,75.59,1795.63,94.0,53.0,4.80136
2010-07-31,241.01,152.21,359.78,4313.6,77.5,101.253,101.671,101.03,101.52,100.741,101.267,100.173,103.185,102.173,98.9519,100.793,100.645,101.03,100.622,100.939,99.3819,101.419,99.1639,99.8217,98.8656,98.105,98.5496,206.877,217.605,99.9695,102.048,101.023,103.353,99.9768,101.487,99.5322,10465.9,81.539,0.18,1101.6,2254.7,19.1286,6998.99,174.7,209.0,0.7664,78.85,1894.43,99.0,60.0,4.6281
2010-08-31,221.526,160.75,363.78,3428.69,75.51,101.596,101.563,100.992,101.597,101.117,100.972,100.054,103.202,102.237,98.8769,100.642,100.479,101.107,100.614,101.171,99.5444,101.523,99.0995,99.9509,98.9661,98.2171,98.8961,208.77,217.923,99.928,102.272,100.884,103.307,99.9789,101.268,99.5263,10014.7,83.202,0.19,1049.33,2114.03,43.3111,6704.15,175.3,211.6,0.788,71.93,1877.29,95.0,61.0,4.31455
2010-09-30,240.895,168.37,394.17,3200.55,80.77,101.889,101.43,101.027,101.66,101.445,100.658,100.023,103.183,102.289,98.8446,100.568,100.396,101.185,100.617,101.394,99.7235,101.596,99.1004,100.11,99.1813,98.321,99.2283,209.832,218.275,99.9826,102.47,100.802,103.234,99.9814,101.05,99.5939,10788.0,78.72,0.19,1141.2,2368.62,54.4721,7281.07,175.5,202.5,0.7336,79.95,2021.88,95.0,52.0,3.89476
2010-10-31,242.931,174.54,403.02,3004.15,82.47,102.122,101.298,101.121,101.708,101.69,100.348,100.089,103.124,102.322,98.8296,100.579,100.411,101.254,100.656,101.569,99.8909,101.63,99.1677,100.288,99.4829,98.4231,99.5361,216.71,219.035,100.106,102.635,100.765,103.135,100.005,100.869,99.7226,11118.5,77.266,0.19,1183.26,2507.41,53.3311,7513.35,177.3,212.2,0.7168,81.45,2083.89,82.0,40.0,3.43381
2010-11-30,248.727,177.93,412.05,2944.28,86.02,102.282,101.206,101.241,101.742,101.844,100.049,100.224,103.015,102.334,98.8118,100.665,100.516,101.304,100.736,101.664,100.034,101.623,99.2898,100.467,99.8279,98.5283,99.8154,219.496,219.59,100.236,102.757,100.76,103.009,100.064,100.764,99.9032,11006.0,81.195,0.19,1180.55,2498.23,38.3796,7430.94,178.2,214.1,0.7704,84.12,2057.01,63.0,28.0,3.714
2010-12-31,269.67,182.46,478.99,3126.99,93.23,102.366,101.166,101.345,101.764,101.898,99.7728,100.354,102.858,102.327,98.7833,100.787,100.675,101.333,100.811,101.68,100.152,101.575,99.4299,100.632,100.178,98.6411,100.068,227.13,220.472,100.336,102.824,100.769,102.857,100.137,100.738,100.096,11577.5,79.028,0.18,1257.64,2652.87,24.7992,7964.02,179.1,227.3,0.7474,91.38,2208.38,55.0,14.0,4.24571
2011-01-31,269.582,171.07,480.23,3125.57,98.97,102.379,101.17,101.402,101.775,101.869,99.5239,100.402,102.643,102.28,98.7425,100.893,100.828,101.328,100.799,101.627,100.237,101.488,99.5341,100.763,100.489,98.7624,100.298,229.258,221.187,100.423,102.826,100.767,102.679,100.194,100.754,100.26,11891.9,77.735,0.17,1286.12,2700.08,-12.4914,8139.16,181.1,232.7,0.7305,90.99,2172.04,55.0,-2.0,4.492
2011-02-28,269.051,180.73,483.29,2826.18,112.27,102.33,101.203,101.386,101.775,101.777,99.3348,100.327,102.361,102.164,98.6933,100.937,100.934,101.28,100.656,101.526,100.265,101.369,99.5581,100.846,100.712,98.8902,100.505,232.068,221.898,100.498,102.75,100.742,102.479,100.206,100.743,100.359,12226.3,76.889,0.16,1327.22,2782.27,-29.7274,8438.55,183.3,232.4,0.7246,97.1,2381.29,59.0,13.0,4.09211
2011-03-31,291.09,184.38,462.98,3018.03,116.94,102.225,101.227,101.28,101.765,101.636,99.2028,100.11,102.027,101.972,98.6501,100.888,100.962,101.182,100.407,101.382,100.217,101.221,99.4853,100.888,100.807,99.0206,100.69,240.079,223.046,100.556,102.591,100.66,102.26,100.179,100.655,100.358,12319.7,75.857,0.14,1325.83,2781.07,-6.63345,8404.98,187.3,241.7,0.7058,106.19,2367.41,69.0,12.0,3.97217
2011-04-30,308.775,199.29,447.24,3157.61,126.59,102.069,101.207,101.09,101.748,101.466,99.1214,99.81,101.633,101.704,98.6401,100.737,100.906,101.031,100.125,101.201,100.092,101.045,99.3459,100.886,100.759,99.1543,100.854,247.977,224.093,100.564,102.351,100.514,102.024,100.13,100.489,100.254,12810.5,72.933,0.1,1363.61,2873.54,-17.5225,8671.41,190.2,256.6,0.6755,113.39,2483.05,77.0,33.0,4.2355
2011-05-31,277.123,196.62,447.08,3094.61,117.18,101.87,101.118,100.838,101.725,101.278,99.0732,99.4334,101.197,101.374,98.682,100.489,100.766,100.836,99.913,101.01,99.8904,100.843,99.1716,100.814,100.566,99.296,101.006,250.744,224.806,100.529,102.037,100.293,101.774,100.07,100.254,100.058,12569.8,74.638,0.09,1345.2,2835.3,-16.9753,8477.28,191.9,251.0,0.6946,102.7,2437.16,86.0,45.0,4.31381
2011-06-30,256.194,192.27,456.25,2882.7,111.71,101.63,100.968,100.581,101.699,101.071,98.9743,98.967,100.743,101.001,98.7902,100.177,100.559,100.614,99.8448,100.817,99.6292,100.622,98.977,100.672,100.249,99.4557,101.147,245.534,224.806,100.449,101.656,99.9778,101.513,100.022,99.966,99.7934,12414.3,74.303,0.09,1320.64,2773.52,-11.0029,8319.1,191.1,247.2,0.6894,95.3,2343.87,91.0,50.0,4.53739
2011-07-31,255.5,208.42,477.24,2719.96,115.93,101.356,100.793,100.337,101.669,100.829,98.8102,98.4816,100.294,100.615,98.9593,99.8404,100.31,100.386,99.8844,100.622,99.3441,100.388,98.7704,100.477,99.86,99.6454,101.279,246.187,225.395,100.314,101.226,99.5967,101.246,99.9811,99.6459,99.5088,12143.2,73.897,0.07,1292.28,2756.38,-15.9367,8079.44,191.7,251.2,0.6946,95.68,2364.99,102.0,63.0,4.4225
2011-08-31,235.667,234.04,445.42,2623.49,116.48,101.076,100.604,100.138,101.637,100.567,98.606,98.1199,99.8995,100.26,99.1705,99.5221,100.042,100.174,99.9743,100.415,99.0779,100.151,98.5539,100.255,99.4557,99.8745,101.397,246.88,226.106,100.121,100.788,99.1975,100.978,99.9276,99.3057,99.2679,11613.5,74.117,0.1,1218.89,2579.46,-14.5271,7528.39,190.7,237.4,0.6955,88.81,2289.49,91.0,62.0,4.05391
2011-09-30,209.341,207.29,333.92,2304.75,105.42,100.828,100.423,99.9953,101.601,100.331,98.4083,98.0085,99.5916,99.9783,99.3901,99.2726,99.8059,99.9879,100.067,100.242,98.8869,99.9241,98.3654,100.07,99.1374,100.142,101.498,248.55,226.597,99.9028,100.407,98.8248,100.716,99.8749,98.9739,99.1407,10913.4,78.553,0.08,1131.42,2415.4,13.7115,6791.65,191.5,241.6,0.747,78.93,2050.48,86.0,49.0,3.89
2011-10-31,245.07,220.43,384.77,2257.47,108.43,100.632,100.261,99.911,101.561,100.147,98.2556,98.1574,99.3658,99.7943,99.5848,99.1233,99.6269,99.8464,100.132,100.151,98.7838,99.7163,98.2307,99.9545,98.9557,100.434,101.577,246.655,226.75,99.6976,100.126,98.5127,100.466,99.857,98.6801,99.1583,11955.0,76.166,0.07,1253.3,2684.41,25.6871,7563.38,190.2,235.1,0.7216,93.19,2272.2,86.0,34.0,3.56381
2011-11-30,264.238,223.33,376.57,1975.85,111.22,100.493,100.145,99.8896,101.513,100.039,98.1747,98.5211,99.227,99.6956,99.7355,99.0698,99.4998,99.7672,100.156,100.144,98.748,99.5344,98.1598,99.9101,98.9058,100.726,101.631,247.64,227.169,99.54,99.9534,98.2858,100.23,99.8637,98.4638,99.3005,12045.7,78.384,0.08,1246.96,2620.34,13.5172,7484.5,190.6,245.6,0.744,100.36,2276.89,69.0,32.0,3.264
2011-12-31,259.683,199.92,361.88,1653.37,108.09,100.405,100.088,99.9146,101.455,99.9972,98.1543,99.0072,99.1821,99.6792,99.8392,99.0953,99.4163,99.7443,100.132,100.19,98.7653,99.3844,98.1545,99.9194,98.959,100.989,101.657,243.353,227.223,99.443,99.8847,98.153,100.01,99.8837,98.3706,99.5153,12217.6,80.178,0.07,1257.6,2605.15,15.4697,7477.03,189.6,238.6,0.7728,98.83,2278.33,62.0,19.0,3.16286
2012-01-31,258.319,221.68,399.16,1372.14,110.26,100.339,100.092,99.957,101.384,99.9872,98.1701,99.4959,99.1548,99.704,99.9068,99.1717,99.3614,99.7571,100.103,100.261,98.8159,99.2672,98.197,99.9607,99.0704,101.19,101.651,244.876,227.842,99.416,99.869,98.1076,99.808,99.9074,98.3953,99.73,12632.9,79.288,0.08,1312.41,2813.84,-43.3032,7838.48,191.1,238.0,0.7647,98.46,2358.97,59.0,6.0,2.67727
2012-02-29,279.274,217.97,407.8,1328.61,122.23,100.258,100.121,99.9885,101.299,99.9817,98.1752,99.8894,99.0814,99.7331,99.9572,99.2683,99.3177,99.7692,100.057,100.343,98.8699,99.1763,98.25,100.004,99.1773,101.3,101.613,248.898,228.329,99.4497,99.8606,98.1161,99.6226,99.9118,98.5055,99.8803,12952.1,78.737,0.1,1365.68,2966.89,-82.5059,8113.24,192.1,234.9,0.7503,107.08,2458.3,59.0,16.0,2.50486
2012-03-31,267.586,212.61,402.07,1042.3,123.41,100.136,100.119,99.9859,101.199,99.9645,98.1596,100.151,98.9405,99.7262,100.003,99.3568,99.2684,99.7587,100.029,100.39,98.8988,99.1071,98.2582,100.016,99.2255,101.307,101.547,249.742,228.807,99.5045,99.8174,98.1476,99.4526,99.889,98.6472,99.9389,13212.0,79.004,0.13,1408.47,3091.57,-62.4575,8206.93,194.3,236.7,0.7494,103.03,2405.92,82.0,20.0,2.16364
2012-04-30,270.756,211.63,401.71,1046.14,118.66,99.9645,100.043,99.9363,101.084,99.9221,98.1451,100.278,98.7553,99.649,100.059,99.4236,99.1985,99.711,100.002,100.357,98.898,99.0579,98.1865,99.9845,99.2008,101.203,101.456,249.677,229.187,99.5631,99.7125,98.1926,99.2984,99.8348,98.7805,99.9097,13213.6,78.776,0.14,1397.91,3046.36,-45.2203,8119.06,194.7,229.9,0.7552,104.89,2426.28,84.0,35.0,1.94875
2012-05-31,222.578,198.63,353.04,1058.38,103.86,99.7427,99.8651,99.8367,100.957,99.8406,98.1532,100.302,98.5503,99.4874,100.138,99.4812,99.1141,99.6326,99.9418,100.242,98.8921,99.0288,98.0549,99.9253,99.1374,100.989,101.351,241.806,228.713,99.6388,99.5444,98.2641,99.16,99.7539,98.8749,99.8163,12393.5,83.043,0.16,1310.33,2827.34,-37.231,7463.96,193.6,218.5,0.8092,86.52,2200.52,85.0,45.0,2.43273
2012-06-30,218.059,203.71,365.85,1187.54,94.17,99.4993,99.6131,99.7077,100.819,99.7173,98.189,100.255,98.3518,99.2637,100.243,99.5542,99.0367,99.554,99.8111,100.04,98.9136,99.0214,97.9148,99.8705,99.0903,100.675,101.237,235.897,228.524,99.7233,99.3303,98.3908,99.0373,99.6548,98.9234,99.6993,12880.1,81.627,0.16,1362.16,2935.05,-53.0899,7801.84,191.7,208.4,0.7899,85.04,2327.89,96.0,50.0,2.45857
2012-07-31,224.93,204.42,357.58,1345.15,105.93,99.2708,99.3383,99.5897,100.675,99.5596,98.2419,100.22,98.1807,99.0367,100.36,99.654,98.9852,99.4826,99.623,99.7975,98.976,99.0325,97.8046,99.8435,99.0963,100.297,101.121,233.568,228.59,99.8131,99.1105,98.5788,98.9294,99.5523,98.9259,99.6101,13008.7,82.635,0.16,1379.32,2939.52,-40.9973,7863.93,191.2,213.8,0.8128,88.08,2377.7,96.0,61.0,2.954
2012-08-31,245.597,213.66,360.49,1150.96,113.93,99.0913,99.1064,99.5034,100.527,99.3984,98.2839,100.236,98.0689,98.8518,100.467,99.7729,98.9668,99.4232,99.3982,99.5675,99.0734,99.0572,97.7457,99.8501,99.1537,99.9097,101.008,244.987,229.918,99.9031,98.9271,98.7996,98.8348,99.4562,98.9162,99.5755,13090.8,81.208,0.13,1406.58,3066.96,-74.2371,8014.93,193.5,224.6,0.7949,96.47,2416.52,92.0,61.0,2.84055
2012-09-30,233.997,224.59,391.87,1289.64,111.36,98.972,98.9315,99.4476,100.378,99.2686,98.312,100.278,98.0347,98.7577,100.543,99.8879,98.9728,99.3882,99.1737,99.4071,99.1882,99.0882,97.7584,99.8738,99.2441,99.5622,100.902,252.987,231.015,99.9996,98.8135,99.0295,98.7511,99.3782,98.9164,99.6085,13437.1,79.935,0.14,1440.67,3116.23,-81.875,8251.0,195.4,227.4,0.7798,92.18,2437.52,82.0,49.0,2.85211
2012-10-31,218.068,217.65,366.8,1316.23,109.89,98.915,98.8341,99.4194,100.23,99.196,98.3467,100.286,98.0933,98.7827,100.574,99.9777,98.9971,99.3774,99.0269,99.3418,99.3121,99.1158,97.8675,99.9003,99.3508,99.2813,100.803,256.017,231.638,100.12,98.7903,99.2462,98.6749,99.3379,98.9299,99.6829,13096.5,79.919,0.16,1412.16,2977.23,-52.1849,8221.4,195.1,226.0,0.7717,86.23,2359.28,78.0,35.0,3.31913
2012-11-30,223.55,216.56,379.39,1226.99,110.84,98.9226,98.8317,99.4282,100.085,99.1842,98.3953,100.213,98.2676,98.9314,100.555,100.038,99.0382,99.3905,98.9475,99.3735,99.4502,99.1329,98.0953,99.9256,99.4777,99.0848,100.712,248.819,231.249,100.274,98.8626,99.4376,98.6038,99.3531,98.9694,99.7803,13025.6,80.153,0.16,1416.18,3010.24,-44.5423,8260.43,192.6,226.3,0.7689,88.54,2399.65,65.0,30.0,3.5395
2012-12-31,228.914,211.89,379.65,1145.85,110.8,98.9844,98.9311,99.4836,99.9442,99.2217,98.4235,100.089,98.5022,99.152,100.507,100.078,99.0998,99.4432,98.9729,99.4881,99.6136,99.1337,98.4465,99.9492,99.6381,98.9659,100.631,244.708,231.221,100.446,99.0048,99.6149,98.536,99.4398,99.0494,99.9031,13104.1,79.769,0.16,1426.19,3019.51,-62.3816,8443.51,191.8,227.7,0.7578,91.83,2355.66,59.0,21.0,3.33823
2013-01-31,241.864,209.87,387.92,1137.0,115.55,99.0792,99.1074,99.5657,99.8083,99.2949,98.4518,100.02,98.7567,99.3973,100.447,100.105,99.1791,99.5335,99.0999,99.6406,99.8004,99.1146,98.8966,99.9589,99.8208,98.9087,100.558,245.025,231.679,100.613,99.1835,99.8122,98.4702,99.5919,99.1521,100.046,13860.6,79.207,0.14,1498.11,3142.13,-72.8868,8894.71,192.6,230.3,0.7364,97.65,2413.66,60.0,4.0,3.33857
2013-02-28,226.827,199.28,367.21,1155.52,112.2,99.1814,99.3214,99.6316,99.6788,99.3765,98.5035,100.041,99.0134,99.6232,100.393,100.118,99.2697,99.6556,99.3292,99.7847,99.9971,99.075,99.3992,99.9485,100.0,98.8967,100.496,255.696,232.937,100.754,99.3633,100.035,98.4058,99.8101,99.2872,100.191,14054.5,81.949,0.15,1514.68,3160.19,-76.645,8868.72,195.2,230.9,0.7653,92.03,2363.83,47.0,15.0,3.3055
2013-03-31,238.529,201.24,352.15,1316.85,108.46,99.2698,99.525,99.6653,99.5567,99.4486,98.6145,100.128,99.2408,99.7878,100.35,100.127,99.3751,99.8038,99.6099,99.8839,100.191,99.0191,99.9007,99.9183,100.16,98.9156,100.446,246.595,232.282,100.878,99.5129,100.287,98.3447,100.063,99.4551,100.313,14578.5,83.221,0.14,1569.19,3267.52,-59.9797,9107.04,194.5,230.7,0.7823,97.24,2406.18,58.0,21.0,3.78429
2013-04-30,228.449,185.65,328.01,1408.25,101.53,99.3637,99.6786,99.6979,99.4426,99.5074,98.7956,100.251,99.4836,99.9014,100.312,100.154,99.5081,99.9578,99.8867,99.9273,100.373,98.9521,100.344,99.8727,100.296,98.9546,100.409,240.473,231.797,100.98,99.6462,100.558,98.2891,100.325,99.614,100.427,14839.8,81.746,0.15,1597.57,3328.79,-59.8433,9276.88,194.0,236.0,0.7594,93.22,2409.4,75.0,31.0,4.16136
2013-05-31,224.279,175.5,338.81,1276.85,100.43,99.4916,99.7697,99.7669,99.3368,99.5579,99.0519,100.363,99.7724,99.9871,100.272,100.218,99.6833,100.109,100.133,99.9373,100.546,98.8806,100.68,99.825,100.406,99.0061,100.386,240.468,231.893,101.077,99.7925,100.83,98.241,100.568,99.7354,100.54,15115.6,83.261,0.11,1630.74,3455.91,-62.3394,9302.27,194.0,237.9,0.7693,91.93,2364.99,93.0,41.0,4.07435
2013-06-30,234.505,154.17,313.2,1133.58,102.49,99.6609,99.8118,99.8845,99.2397,99.6096,99.3715,100.376,100.056,100.087,100.219,100.313,99.8896,100.262,100.339,99.9439,100.704,98.814,100.888,99.7847,100.49,99.0645,100.38,242.711,232.445,101.171,99.96,101.097,98.204,100.778,99.7977,100.629,14909.6,83.136,0.09,1606.28,3403.25,-52.4545,9112.69,193.9,235.8,0.7678,96.36,2245.73,95.0,53.0,3.806
2013-07-31,255.393,165.13,319.45,1097.59,107.89,99.8608,99.8466,100.03,99.1518,99.6708,99.7202,100.258,100.329,100.211,100.141,100.421,100.098,100.419,100.531,99.9552,100.863,98.7637,101.016,99.7701,100.573,99.1257,100.389,242.986,232.9,101.257,100.144,101.36,98.1836,100.963,99.7902,100.684,15499.5,81.452,0.09,1685.73,3626.37,-34.7363,9558.83,194.0,240.7,0.7518,105.1,2356.39,99.0,60.0,3.64304
2013-08-31,264.806,175.59,330.43,1121.29,115.97,100.076,99.9118,100.168,99.0734,99.7486,100.022,100.024,100.582,100.357,100.043,100.524,100.279,100.572,100.726,99.9862,101.012,98.7398,101.078,99.7865,100.662,99.187,100.406,244.833,233.456,101.312,100.339,101.588,98.1869,101.129,99.7431,100.717,14810.3,82.087,0.08,1632.97,3589.87,-37.9765,9270.66,194.6,240.6,0.7562,107.98,2275.1,88.0,59.0,3.41227
2013-09-30,253.06,166.9,339.63,1083.55,107.85,100.278,100.0,100.269,99.0046,99.8513,100.251,99.7457,100.78,100.505,99.9416,100.602,100.419,100.704,100.939,100.02,101.14,98.7504,101.107,99.8223,100.766,99.2463,100.435,242.745,233.544,101.325,100.521,101.766,98.2153,101.28,99.6713,100.731,15129.7,80.221,0.08,1681.55,3771.48,5.62088,9621.24,194.3,241.9,0.7393,102.36,2363.29,96.0,44.0,3.61571
2013-10-31,240.285,166.48,337.33,1042.4,107.53,100.447,100.089,100.325,98.9455,99.974,100.421,99.5243,100.92,100.632,99.8439,100.64,100.518,100.809,101.136,100.034,101.234,98.7971,101.107,99.8537,100.879,99.3022,100.465,241.954,233.669,101.298,100.666,101.891,98.272,101.397,99.6051,100.735,15545.8,80.195,0.09,1756.54,3919.71,17.1201,10009.6,193.7,236.2,0.7361,96.29,2444.23,81.0,36.0,3.65522
2013-11-30,230.514,157.13,326.66,1125.21,111.07,100.574,100.172,100.338,98.8972,100.109,100.572,99.4275,100.992,100.723,99.7545,100.64,100.588,100.897,101.285,100.063,101.287,98.8785,101.081,99.8653,100.991,99.3545,100.496,242.718,234.1,101.239,100.775,101.991,98.3555,101.465,99.5679,100.739,16086.4,80.68,0.08,1805.81,4059.89,-1.79738,10183.2,192.7,229.0,0.7358,92.55,2387.15,72.0,19.0,3.65143
2013-12-31,244.432,151.08,346.18,1202.59,109.95,100.651,100.265,100.318,98.8607,100.24,100.749,99.4352,101.0,100.756,99.672,100.608,100.631,100.966,101.365,100.104,101.3,98.9941,101.013,99.8577,101.087,99.4028,100.531,245.733,234.719,101.14,100.84,102.088,98.4621,101.461,99.5684,100.732,16576.7,80.035,0.09,1848.36,4176.59,31.5541,10400.3,193.2,235.2,0.7275,98.17,2426.2,57.0,9.0,4.28364
2014-01-31,241.803,155.72,325.85,1417.7,108.16,100.684,100.364,100.29,98.8363,100.349,100.952,99.4689,100.959,100.739,99.5995,100.545,100.643,101.023,101.369,100.149,101.276,99.1426,100.894,99.8412,101.169,99.4493,100.559,250.34,235.288,101.001,100.861,102.182,98.5927,101.373,99.5842,100.72,15698.8,81.311,0.07,1782.59,4103.88,-7.67409,9967.65,194.2,238.8,0.7414,97.55,2287.54,58.0,2.0,4.52826
2014-02-28,255.859,166.0,325.16,1402.27,108.98,100.676,100.441,100.293,98.8239,100.42,101.147,99.4982,100.867,100.667,99.5477,100.458,100.629,101.07,101.325,100.171,101.203,99.3223,100.735,99.8301,101.243,99.4982,100.574,249.925,235.547,100.848,100.828,102.265,98.7462,101.211,99.5955,100.737,16321.7,79.691,0.07,1859.45,4308.12,-33.217,10425.9,195.2,258.1,0.7245,102.88,2510.98,55.0,8.0,5.1635
2014-03-31,255.08,161.22,308.64,1347.1,105.95,100.624,100.461,100.323,98.8233,100.447,101.322,99.5119,100.701,100.55,99.5237,100.361,100.598,101.111,101.203,100.166,101.084,99.5281,100.582,99.8325,101.319,99.5535,100.572,249.961,236.028,100.698,100.739,102.331,98.9196,101.001,99.5913,100.783,16457.7,80.1,0.08,1872.34,4198.99,-6.85957,10527.8,196.2,249.6,0.7261,101.57,2563.31,60.0,12.0,4.48476
2014-04-30,253.376,162.74,310.05,1475.7,108.63,100.531,100.405,100.374,98.8343,100.436,101.456,99.5154,100.469,100.391,99.5344,100.261,100.557,101.146,100.997,100.128,100.934,99.7513,100.471,99.8467,101.39,99.6178,100.547,249.864,236.468,100.555,100.602,102.355,99.1087,100.749,99.5661,100.84,16580.8,79.474,0.09,1883.95,4114.56,-41.927,10627.2,197.5,247.7,0.7211,100.07,2612.52,75.0,31.0,4.61409
2014-05-31,262.579,156.43,319.88,1383.99,109.21,100.399,100.282,100.435,98.8568,100.389,101.534,99.5108,100.217,100.193,99.585,100.164,100.509,101.16,100.77,100.031,100.772,99.9826,100.424,99.8642,101.449,99.6912,100.506,249.213,236.918,100.435,100.423,102.32,99.305,100.508,99.5331,100.891,16717.2,80.369,0.09,1923.57,4242.62,-47.2436,10756.3,197.2,246.5,0.7337,103.4,2727.3,84.0,42.0,4.52864
2014-06-30,272.278,165.97,328.43,1359.99,111.03,100.238,100.13,100.5,98.8893,100.3,101.555,99.5292,99.9712,99.9732,99.6741,100.07,100.459,101.142,100.588,99.8806,100.608,100.21,100.438,99.8784,101.481,99.7713,100.459,249.714,237.231,100.342,100.219,102.226,99.4977,100.313,99.5127,100.929,16826.6,79.775,0.1,1960.23,4408.18,-55.6081,10979.4,197.2,246.7,0.7304,106.07,2778.88,88.0,52.0,4.59333
2014-07-31,255.224,160.88,331.25,1176.52,104.94,100.06,99.9901,100.564,98.9306,100.177,101.523,99.6023,99.7535,99.7565,99.795,99.9772,100.405,101.088,100.456,99.7147,100.458,100.422,100.489,99.8814,101.468,99.8505,100.41,248.744,237.498,100.276,100.009,102.091,99.6799,100.168,99.5219,100.948,16563.3,81.456,0.09,1930.67,4369.77,-69.1649,10726.4,197.4,240.8,0.7469,98.23,2706.92,91.0,59.0,4.04174
2014-08-31,250.251,161.46,322.46,1232.35,101.12,99.8836,99.893,100.608,98.9794,100.04,101.46,99.7642,99.578,99.5701,99.9318,99.8833,100.345,100.998,100.368,99.5726,100.345,100.611,100.563,99.8645,101.41,99.9214,100.369,245.699,237.46,100.233,99.8117,101.936,99.8438,100.075,99.5805,100.95,17098.4,82.748,0.09,2003.37,4580.27,-52.6077,11046.3,197.4,232.1,0.7621,97.86,2784.08,90.0,58.0,3.89905
2014-09-30,240.085,151.95,306.85,1233.84,95.7,99.726,99.848,100.61,99.0344,99.9346,101.375,100.021,99.4459,99.4416,100.064,99.7886,100.279,100.875,100.297,99.4809,100.284,100.768,100.663,99.8236,101.325,99.9808,100.347,241.61,237.477,100.202,99.6556,101.771,99.9826,100.024,99.6868,100.938,17042.9,85.936,0.09,1972.29,4493.39,-34.3749,10702.9,196.8,228.9,0.7916,94.53,2605.66,92.0,47.0,3.92636
2014-10-31,214.723,146.94,310.88,1134.12,84.17,99.6114,99.8428,100.566,99.0945,99.8899,101.309,100.352,99.3805,99.3961,100.163,99.6874,100.202,100.725,100.232,99.4498,100.289,100.888,100.795,99.7699,101.233,100.03,100.338,237.061,237.43,100.195,99.5658,101.616,100.096,100.007,99.8361,100.908,17390.5,86.917,0.09,2018.05,4630.74,-36.1459,10845.0,194.8,216.7,0.7984,80.53,2577.46,81.0,39.0,3.8013
2014-11-30,176.622,147.32,290.87,1171.07,71.89,99.5605,99.8799,100.466,99.1585,99.9095,101.279,100.714,99.3896,99.4368,100.216,99.5827,100.121,100.563,100.179,99.4779,100.372,100.965,100.976,99.727,101.164,100.073,100.341,229.016,236.983,100.222,99.5484,101.479,100.184,100.025,100.017,100.86,17828.2,88.356,0.09,2067.56,4791.63,-16.7285,10955.4,192.7,210.1,0.8028,65.94,2544.47,66.0,23.0,4.2395
2014-12-31,142.486,148.39,288.78,832.977,55.27,99.571,99.946,100.317,99.2244,99.9896,101.302,101.053,99.4543,99.5468,100.228,99.4829,100.045,100.397,100.131,99.5431,100.518,100.995,101.186,99.7076,101.11,100.114,100.353,218.536,236.252,100.257,99.593,101.376,100.245,100.065,100.197,100.788,17823.1,90.269,0.12,2058.9,4736.05,-54.4054,10839.2,189.1,196.5,0.8266,53.45,2444.33,63.0,18.0,3.48652
2015-01-31,127.998,160.2,254.95,774.013,47.52,99.6283,100.019,100.148,99.2909,100.104,101.369,101.293,99.5845,99.701,100.212,99.4044,99.9896,100.231,100.093,99.6178,100.707,100.979,101.416,99.7203,101.072,100.157,100.36,199.926,234.747,100.273,99.6811,101.318,100.287,100.127,100.335,100.696,17164.9,94.804,0.11,1994.99,4635.24,-76.2573,10537.2,185.0,170.3,0.8859,47.79,2432.05,51.0,-1.0,2.93636
2015-02-28,132.871,151.92,275.1,777.954,61.89,99.7107,100.081,99.9835,99.3573,100.217,101.449,101.387,99.734,99.8632,100.187,99.3671,99.9738,100.069,100.07,99.7041,100.916,100.917,101.667,99.7657,101.045,100.202,100.355,203.021,235.342,100.311,99.7899,101.303,100.311,100.21,100.43,100.588,18132.7,95.321,0.11,2104.5,4963.53,-105.941,11062.8,185.4,170.4,0.8932,49.84,2522.37,38.0,-3.0,2.7565
2015-03-31,121.301,148.04,280.06,741.176,53.69,99.7983,100.08,99.8397,99.4234,100.3,101.515,101.358,99.8761,99.9972,100.16,99.3839,99.9978,99.9071,100.062,99.7965,101.108,100.812,101.91,99.8282,101.006,100.251,100.332,205.757,235.976,100.415,99.9006,101.307,100.324,100.294,100.482,100.477,17776.1,98.357,0.11,2067.89,4900.88,-99.4852,10899.2,186.2,169.1,0.9319,47.72,2379.62,56.0,9.0,2.74636
2015-04-30,146.561,147.94,294.82,755.524,63.9,99.87,99.9995,99.7226,99.4892,100.325,101.547,101.244,99.9774,100.067,100.14,99.4573,100.054,99.7464,100.054,99.9029,101.256,100.673,102.099,99.8829,100.933,100.303,100.28,203.577,236.222,100.524,99.9902,101.299,100.332,100.378,100.494,100.366,17840.5,94.6,0.12,2085.51,4941.42,-96.7841,11049.7,185.7,169.6,0.8909,59.62,2485.23,69.0,30.0,2.59636
2015-05-31,145.571,148.74,278.63,712.382,63.16,99.9122,99.8451,99.6232,99.554,100.282,101.553,101.066,100.006,100.062,100.132,99.5746,100.131,99.5926,100.049,100.033,101.339,100.511,102.2,99.9024,100.802,100.358,100.209,208.973,237.001,100.568,100.04,101.26,100.333,100.442,100.473,100.249,18010.7,96.907,0.12,2107.39,5070.03,-95.995,11056.3,188.2,176.3,0.9132,60.25,2429.47,88.0,39.0,2.85762
2015-06-30,142.532,146.49,266.63,754.637,60.31,99.9239,99.664,99.5161,99.6171,100.174,101.566,100.864,99.9706,99.9949,100.139,99.6956,100.205,99.4489,100.047,100.195,101.34,100.337,102.191,99.8779,100.601,100.418,100.129,212.015,237.657,100.507,100.046,101.19,100.325,100.465,100.433,100.121,17619.5,95.485,0.13,2063.11,4986.87,-80.3242,10805.2,188.9,176.5,0.8979,59.48,2355.53,87.0,46.0,2.76864
2015-07-31,112.253,136.63,240.99,721.18,53.29,99.9114,99.5117,99.3852,99.6783,100.02,101.567,100.626,99.9146,99.8917,100.161,99.7888,100.257,99.3151,100.033,100.369,101.263,100.158,102.066,99.8195,100.338,100.479,100.047,211.623,238.034,100.338,100.012,101.071,100.307,100.433,100.4,99.9621,17689.9,97.336,0.13,2103.84,5128.28,-47.0074,10882.3,188.5,168.5,0.9101,47.11,2419.69,92.0,59.0,2.80913
2015-08-31,114.604,141.3,237.63,701.446,47.97,99.8723,99.394,99.2365,99.738,99.8391,101.551,100.386,99.8147,99.7772,100.198,99.8472,100.28,99.1935,100.011,100.561,101.121,99.9831,101.847,99.743,100.038,100.539,99.9652,208.579,238.033,100.122,99.9442,100.915,100.276,100.36,100.381,99.7832,16528.0,95.824,0.14,1972.18,4776.51,-37.9944,10176.5,187.0,159.5,0.8917,49.2,2225.45,90.0,61.0,2.75286
2015-09-30,103.495,139.14,237.99,641.235,47.29,99.8068,99.3033,99.088,99.7972,99.6587,101.525,100.185,99.6737,99.6632,100.242,99.875,100.279,99.0929,99.9958,100.743,100.938,99.8183,101.571,99.6706,99.7412,100.596,99.8883,197.246,237.498,99.9244,99.8561,100.737,100.233,100.254,100.376,99.6106,16284.7,96.35,0.14,1920.03,4620.16,-55.7527,9799.69,184.3,159.2,0.8947,45.06,2173.17,94.0,48.0,2.63818
2015-10-31,106.206,142.41,235.6,554.647,48.0,99.7224,99.235,98.9597,99.8565,99.5138,101.502,100.062,99.5174,99.5626,100.285,99.8759,100.254,99.0257,99.9843,100.889,100.748,99.6685,101.289,99.6088,99.479,100.653,99.8194,195.616,237.733,99.79,99.7654,100.559,100.175,100.133,100.37,99.468,17663.5,96.946,0.12,2079.36,5053.75,-67.0758,10461.0,183.7,159.1,0.9086,46.6,2304.56,75.0,31.0,2.38455
2015-11-30,93.1845,132.81,207.33,497.845,43.73,99.6175,99.1873,98.8721,99.9162,99.4318,101.477,100.001,99.3721,99.4897,100.315,99.8573,100.202,99.0027,99.9764,100.944,100.549,99.5373,100.989,99.5488,99.2417,100.711,99.7614,195.114,238.017,99.7147,99.6791,100.389,100.1,100.013,100.359,99.3479,17719.9,100.17,0.12,2080.41,5108.67,-97.9222,10409.6,182.9,150.7,0.9466,40.43,2254.29,74.0,28.0,2.27571
2015-12-31,79.2476,132.18,216.08,499.966,36.61,99.4948,99.1665,98.8435,99.9774,99.4105,101.442,99.9648,99.2566,99.4337,100.329,99.8201,100.115,99.0347,99.967,100.904,100.342,99.4279,100.646,99.4915,99.0279,100.772,99.712,190.143,237.761,99.6702,99.5976,100.232,100.008,99.9058,100.343,99.2432,17425.0,98.631,0.24,2043.94,5007.41,-109.113,10143.4,180.8,144.2,0.9207,37.13,2149.15,69.0,25.0,2.04217
2016-01-31,69.801,139.14,209.2,486.214,33.14,99.3672,99.1833,98.8786,100.041,99.4239,101.357,99.9262,99.1746,99.3882,100.312,99.7636,100.0,99.1169,99.9434,100.792,100.141,99.3432,100.273,99.4466,98.8648,100.825,99.6695,185.235,237.652,99.6562,99.5251,100.079,99.8979,99.8267,100.329,99.1579,16466.3,99.606,0.34,1940.24,4613.95,-138.46,9632.7,179.7,138.6,0.9217,33.66,2085.22,58.0,8.0,2.23238
2016-02-29,65.029,153.85,215.52,360.777,35.92,99.2655,99.2474,98.9669,100.11,99.4598,101.209,99.8782,99.1322,99.3665,100.262,99.6964,99.8805,99.2301,99.8722,100.626,99.969,99.2861,99.9209,99.427,98.7973,100.854,99.6335,176.401,237.336,99.686,99.4695,99.9536,99.7718,99.7717,100.336,99.0996,16516.5,98.211,0.38,1932.23,4557.95,-161.168,9559.53,178.7,135.4,0.9197,32.74,2111.87,64.0,-9.0,1.93048
2016-03-31,70.0734,153.86,220.63,390.909,36.75,99.2187,99.3501,99.0772,100.186,99.5138,101.015,99.8262,99.1498,99.3758,100.199,99.6318,99.7767,99.3633,99.7526,100.448,99.8379,99.2578,99.6259,99.4313,98.8305,100.84,99.6003,182.234,238.08,99.7799,99.4457,99.8704,99.6317,99.7296,100.37,99.0784,17685.1,94.586,0.36,2059.74,4869.85,-139.077,10207.4,179.3,139.3,0.8788,36.94,2243.24,76.0,21.0,1.81261
2016-04-30,80.9776,160.69,229.89,424.771,45.64,99.2262,99.4612,99.1757,100.268,99.5798,100.787,99.7818,99.2139,99.3989,100.139,99.5726,99.6916,99.5007,99.6255,100.276,99.728,99.2551,99.3891,99.4466,98.9217,100.766,99.5691,186.713,238.992,99.9037,99.445,99.821,99.4791,99.7009,100.423,99.0769,17773.6,93.082,0.37,2065.3,4775.36,-93.2507,10436.9,180.5,145.4,0.873,45.98,2358.59,78.0,23.0,2.01429
2016-05-31,85.1574,151.31,210.96,418.552,49.26,99.2791,99.553,99.257,100.357,99.6407,100.543,99.7392,99.3137,99.4242,100.098,99.5208,99.6294,99.6397,99.5089,100.13,99.6273,99.2737,99.2115,99.4646,99.0288,100.615,99.5448,188.596,239.557,100.041,99.4606,99.8104,99.3141,99.6833,100.494,99.0793,17787.2,95.891,0.37,2096.95,4948.05,-91.2949,10441.0,181.9,151.9,0.8983,49.1,2310.52,92.0,42.0,2.08727
2016-06-30,83.1363,164.12,220.55,511.64,48.05,99.3572,99.6165,99.3154,100.452,99.6864,100.298,99.668,99.4233,99.4483,100.086,99.4813,99.5961,99.7809,99.4296,100.03,99.5362,99.3093,99.0964,99.4844,99.1329,100.387,99.5272,192.899,240.222,100.19,99.4865,99.8461,99.1397,99.6857,100.583,99.0799,17930.0,96.143,0.38,2098.86,4842.67,-93.3655,10489.8,183.6,156.5,0.9004,48.27,2412.22,86.0,54.0,2.62364
2016-07-31,70.5666,167.78,223.16,504.276,40.76,99.4437,99.6632,99.3481,100.552,99.709,100.084,99.5876,99.5336,99.4789,100.098,99.4669,99.6062,99.9297,99.4005,99.9967,99.4708,99.3562,99.0542,99.5036,99.2219,100.104,99.5163,189.046,240.101,100.343,99.5268,99.9412,98.9603,99.713,100.687,99.0973,18432.2,95.531,0.39,2173.6,5162.13,-77.9791,10785.5,183.4,160.8,0.8952,41.54,2417.4,97.0,59.0,2.77286
2016-08-31,74.2105,162.08,207.58,486.3,47.94,99.5349,99.7048,99.3826,100.655,99.7186,99.9752,99.5503,99.6463,99.5345,100.121,99.489,99.6712,100.101,99.4239,100.012,99.4452,99.4098,99.087,99.5178,99.2856,99.8167,99.512,188.772,240.545,100.472,99.5879,100.117,98.7829,99.7615,100.803,99.1446,18400.9,96.022,0.4,2170.95,5213.22,-82.9991,10764.8,182.5,157.1,0.8962,44.68,2374.72,97.0,61.0,2.72217
2016-09-30,79.0094,162.79,220.87,470.592,48.24,99.6408,99.7425,99.4589,100.757,99.7273,99.9526,99.5895,99.8155,99.6158,100.134,99.5484,99.7875,100.294,99.5046,100.044,99.4456,99.4676,99.1896,99.5241,99.329,99.5782,99.5125,192.243,241.176,100.578,99.6834,100.335,98.6172,99.838,100.918,99.2353,18308.2,95.463,0.4,2168.27,5312.0,-62.3808,10721.7,183.0,159.4,0.8896,47.72,2434.99,92.0,48.0,2.89864
2016-10-31,76.1737,157.35,220.32,471.304,46.2,99.7526,99.7874,99.5804,100.859,99.7484,99.9458,99.7161,100.001,99.7182,100.125,99.6372,99.9387,100.491,99.6396,100.064,99.4685,99.5296,99.3481,99.5282,99.3737,99.3998,99.5166,195.979,241.741,100.672,99.8012,100.529,98.4744,99.9404,101.022,99.3644,18142.4,98.445,0.4,2126.15,5189.14,-57.6473,10481.9,183.7,165.5,0.9106,46.83,2262.77,81.0,34.0,3.07238
2016-11-30,79.3516,144.69,261.95,494.464,47.95,99.8667,99.8665,99.7408,100.96,99.7859,99.9251,99.9337,100.192,99.8383,100.089,99.7404,100.095,100.681,99.8048,100.039,99.5201,99.597,99.5418,99.5418,99.4413,99.2619,99.5247,196.372,242.026,100.761,99.9276,100.683,98.3655,100.051,101.136,99.5147,19123.6,101.5,0.41,2198.81,5323.68,-36.5606,10838.5,183.2,159.9,0.9445,49.41,2241.69,70.0,30.9,2.87909
2016-12-31,84.5784,141.95,249.27,549.795,54.96,100.004,99.9954,99.9156,101.058,99.834,99.8954,100.165,100.428,100.007,100.024,99.8394,100.217,100.844,99.9868,99.9689,99.6048,99.6723,99.7382,99.5815,99.5345,99.1447,99.5376,199.513,242.637,100.826,100.076,100.796,98.3011,100.16,101.272,99.6641,19762.6,102.21,0.54,2238.83,5383.12,-38.7468,11056.9,183.9,173.5,0.9509,53.75,2308.03,57.0,4.0,3.58545
2017-01-31,81.7158,148.93,271.36,465.177,55.25,100.174,100.173,100.076,101.155,99.8877,99.8511,100.336,100.677,100.231,99.935,99.9237,100.278,100.974,100.15,99.8596,99.7109,99.7566,99.8975,99.6527,99.6341,99.039,99.5569,205.369,243.618,100.872,100.239,100.861,98.2879,100.256,101.414,99.7829,19864.1,99.512,0.65,2278.87,5614.79,-53.5626,11223.0,185.6,180.4,0.9261,52.75,2436.19,60.0,10.9,3.31591
2017-02-28,82.6899,154.16,268.62,409.803,53.36,100.377,100.365,100.2,101.25,99.9543,99.7969,100.422,100.92,100.498,99.8338,99.991,100.277,101.066,100.306,99.7066,99.8209,99.8483,100.009,99.7558,99.7259,98.9377,99.5825,204.133,244.006,100.929,100.411,100.9,98.3283,100.335,101.54,99.8598,20812.2,101.12,0.66,2363.64,5825.44,-71.3249,11512.4,186.2,177.5,0.9455,54.0,2471.08,72.0,12.0,2.9015
2017-03-31,76.8714,153.4,262.53,455.495,52.2,100.597,100.528,100.275,101.343,100.053,99.7398,100.439,101.141,100.787,99.7279,100.043,100.222,101.12,100.465,99.5453,99.9237,99.9445,100.084,99.8901,99.8008,98.8381,99.6139,202.528,243.892,101.002,100.587,100.925,98.4198,100.425,101.629,99.8952,20663.2,100.35,0.79,2362.72,5911.74,-30.3699,11492.8,186.7,165.4,0.9387,50.54,2510.92,62.0,9.0,2.99174
2017-04-30,74.3641,155.49,256.56,458.155,49.46,100.818,100.64,100.325,101.432,100.176,99.6774,100.402,101.32,101.051,99.6288,100.08,100.13,101.144,100.616,99.4146,100.008,100.042,100.142,100.049,99.8612,98.746,99.6501,202.954,244.193,101.077,100.757,100.953,98.5564,100.51,101.667,99.9059,20940.5,99.005,0.9,2384.2,6047.61,-23.5154,11536.1,187.6,173.1,0.918,49.31,2529.36,85.0,33.0,3.1915
2017-05-31,72.4158,155.92,253.85,419.622,49.4,101.018,100.691,100.39,101.516,100.299,99.6081,100.341,101.433,101.256,99.5453,100.113,100.028,101.154,100.756,99.3355,100.068,100.138,100.214,100.221,99.9229,98.676,99.6901,198.449,244.004,101.148,100.907,101.0,98.731,100.577,101.653,99.9122,21008.7,96.922,0.91,2411.8,6198.52,-46.0282,11598.0,187.3,169.0,0.8894,48.29,2610.45,95.0,43.0,3.23565
2017-06-30,68.6588,151.87,265.61,411.785,47.08,101.19,100.697,100.483,101.596,100.402,99.5362,100.281,101.507,101.393,99.4733,100.142,99.9345,101.15,100.878,99.3403,100.097,100.23,100.303,100.383,99.9931,98.6522,99.7339,197.808,244.163,101.19,101.045,101.031,98.9357,100.624,101.595,99.9291,21349.6,95.628,1.04,2423.41,6140.42,-58.2594,11761.7,187.6,167.0,0.8752,46.02,2555.38,95.0,47.0,2.99364
2017-07-31,74.4137,154.77,283.29,379.586,51.99,101.329,100.689,100.588,101.669,100.472,99.4849,100.26,101.542,101.477,99.4175,100.17,99.8672,101.125,100.984,99.4224,100.101,100.315,100.409,100.519,100.075,98.7001,99.7814,195.994,244.243,101.17,101.171,101.029,99.1628,100.646,101.491,99.9631,21891.1,92.863,1.15,2470.3,6348.12,-52.9353,11967.7,187.3,166.9,0.8445,50.21,2551.58,91.0,56.0,2.95429
2017-08-31,70.6753,160.7,301.39,406.436,52.69,101.437,100.688,100.703,101.734,100.513,99.4538,100.296,101.552,101.512,99.3814,100.192,99.8335,101.076,101.072,99.5574,100.093,100.391,100.537,100.625,100.171,98.8423,99.8335,201.45,245.183,101.066,101.281,100.987,99.404,100.65,101.35,100.04,21948.1,92.668,1.16,2471.65,6428.66,-30.0274,11875.7,188.4,169.5,0.8397,47.26,2545.25,90.0,58.0,2.90391
2017-09-30,76.1424,156.15,287.43,393.989,57.02,101.518,100.684,100.798,101.791,100.549,99.4505,100.367,101.551,101.521,99.3501,100.214,99.8367,101.001,101.132,99.7042,100.085,100.457,100.69,100.711,100.286,99.1007,99.8917,212.723,246.435,100.88,101.375,100.909,99.6514,100.647,101.183,100.149,22405.1,93.076,1.15,2519.36,6495.96,-12.6204,12209.2,189.6,172.5,0.8465,51.67,2639.29,87.0,52.0,3.00905
2017-10-31,79.5617,154.41,301.63,359.846,61.35,101.573,100.68,100.856,101.84,100.589,99.4766,100.458,101.525,101.513,99.3123,100.241,99.8709,100.905,101.169,99.8388,100.089,100.511,100.858,100.781,100.412,99.4756,99.9569,208.328,246.626,100.641,101.449,100.778,99.8984,100.644,100.997,100.279,23377.2,94.552,1.15,2575.26,6727.67,-4.04825,12341.0,190.2,174.2,0.8587,54.36,2629.33,80.0,41.0,2.91182
2017-11-30,83.6571,154.65,296.09,359.727,63.53,101.595,100.659,100.893,101.881,100.631,99.5252,100.526,101.471,101.475,99.2623,100.275,99.9225,100.801,101.201,99.9452,100.108,100.553,101.006,100.826,100.528,99.9365,100.03,213.047,247.284,100.385,101.491,100.616,100.139,100.643,100.787,100.41,24272.3,93.047,1.16,2647.58,6873.97,-6.21428,12627.8,191.2,178.9,0.84,57.4,2607.34,74.0,23.0,3.05364
2017-12-31,88.0543,158.59,318.95,346.534,66.73,101.577,100.622,100.919,101.914,100.672,99.5965,100.585,101.392,101.41,99.2117,100.322,99.9839,100.7,101.237,100.01,100.138,100.581,101.102,100.836,100.62,100.435,100.111,213.574,247.805,100.118,101.496,100.453,100.366,100.636,100.576,100.536,24719.2,92.124,1.3,2673.61,6903.39,4.48175,12808.8,191.3,182.0,0.833,60.46,2661.5,58.0,1.9,2.76952
2018-01-31,94.3044,162.1,308.8,357.147,67.78,101.53,100.575,100.931,101.938,100.703,99.6911,100.661,101.251,101.331,99.1699,100.373,100.05,100.608,101.284,100.037,100.164,100.594,101.127,100.817,100.66,100.933,100.201,216.855,248.859,99.8627,101.455,100.3,100.575,100.623,100.393,100.658,26149.4,89.133,1.41,2823.81,7411.48,-22.2645,13368.0,192.6,186.5,0.8051,64.82,2671.97,60.0,-2.0,3.15174
2018-02-28,90.3536,159.06,300.81,317.206,66.08,101.454,100.535,100.928,101.951,100.709,99.8023,100.753,101.064,101.245,99.1446,100.414,100.108,100.526,101.351,100.048,100.176,100.593,101.08,100.768,100.632,101.416,100.298,220.141,249.529,99.6406,101.379,100.164,100.761,100.624,100.247,100.769,25029.2,90.613,1.42,2713.83,7273.01,-32.2956,12652.5,193.5,187.8,0.82,61.43,2452.26,71.0,10.0,2.658
2018-03-31,95.4541,159.48,290.54,321.559,69.02,101.357,100.486,100.909,101.951,100.686,99.9167,100.824,100.85,101.149,99.1483,100.427,100.139,100.465,101.393,100.064,100.184,100.582,100.998,100.698,100.564,101.878,100.403,215.72,249.577,99.4755,101.273,100.047,100.921,100.623,100.122,100.837,24103.1,89.974,1.51,2640.87,7063.45,-29.5667,12452.1,194.0,178.5,0.8115,64.87,2456.29,62.0,16.0,2.70091
2018-04-30,101.109,158.51,293.41,319.008,75.92,101.249,100.43,100.893,101.934,100.645,100.021,100.853,100.627,101.029,99.1853,100.417,100.144,100.423,101.402,100.129,100.187,100.562,100.913,100.604,100.486,102.302,100.515,219.165,250.227,99.3446,101.156,99.9429,101.051,100.635,100.015,100.856,24163.2,91.841,1.69,2648.05,7066.27,-31.8496,12515.4,195.3,183.0,0.8279,68.56,2613.61,68.0,28.9,2.72381
2018-05-31,98.9834,156.02,292.55,336.326,76.45,101.14,100.352,100.899,101.897,100.594,100.114,100.85,100.404,100.878,99.2662,100.39,100.129,100.385,101.369,100.298,100.161,100.533,100.824,100.481,100.409,102.694,100.632,221.045,250.792,99.226,101.043,99.8277,101.148,100.647,99.9131,100.839,24415.8,93.985,1.7,2705.27,7442.12,-18.3445,12527.1,197.7,189.6,0.8552,66.98,2751.8,89.0,44.0,2.83391
2018-06-30,107.578,150.02,281.41,333.655,77.44,101.035,100.252,100.913,101.837,100.542,100.169,100.836,100.165,100.722,99.3987,100.357,100.095,100.338,101.287,100.588,100.079,100.498,100.72,100.329,100.331,103.091,100.753,220.947,251.018,99.0985,100.942,99.6499,101.21,100.642,99.8018,100.793,24271.4,94.636,1.82,2718.37,7510.3,-13.8052,12504.2,198.4,188.3,0.8558,74.13,2748.48,89.0,49.0,2.94143
2018-07-31,102.085,146.21,268.65,319.968,74.16,100.928,100.133,100.913,101.755,100.497,100.186,100.82,99.9157,100.582,99.5791,100.328,100.05,100.28,101.156,100.971,99.9403,100.455,100.595,100.159,100.24,103.516,100.873,219.929,251.214,98.9601,100.86,99.3938,101.235,100.625,99.6872,100.719,25415.2,94.493,1.91,2816.29,7671.79,6.20317,12963.3,198.5,193.8,0.8554,69.88,2749.13,97.0,62.0,2.79318
2018-08-31,104.659,143.02,251.51,333.615,76.94,100.807,100.016,100.889,101.649,100.473,100.14,100.81,99.6665,100.448,99.7867,100.308,99.9977,100.208,101.002,101.328,99.7521,100.405,100.449,99.9865,100.117,103.94,100.988,222.781,251.663,98.8152,100.777,99.0647,101.226,100.602,99.5779,100.62,25964.8,95.14,1.91,2901.52,8109.54,9.76379,13016.9,198.6,188.8,0.8619,69.84,2675.07,97.0,62.0,2.90826
2018-09-30,110.512,141.78,264.13,341.448,82.72,100.653,99.8921,100.811,101.521,100.463,100.037,100.803,99.422,100.299,99.9977,100.29,99.93,100.117,100.868,101.602,99.5349,100.349,100.279,99.8185,99.9487,104.334,101.095,223.955,252.182,98.6771,100.671,98.683,101.184,100.573,99.4711,100.48,26458.3,95.132,1.95,2913.98,8046.35,-6.97492,13082.5,198.9,193.3,0.8623,73.16,2720.26,97.0,53.0,2.8975
2018-10-31,99.0801,144.01,250.38,363.147,74.84,100.461,99.7665,100.682,101.377,100.462,99.8959,100.772,99.1837,100.12,100.19,100.262,99.8341,100.008,100.743,101.751,99.3189,100.29,100.079,99.6601,99.7414,104.685,101.19,226.022,252.772,98.5514,100.528,98.3091,101.117,100.526,99.3661,100.294,25115.8,97.127,2.19,2711.74,7305.9,-0.488066,12208.1,200.4,195.9,0.8841,65.31,2520.47,85.0,34.0,3.20739
2018-11-30,77.1111,144.6,260.89,507.219,57.71,100.245,99.6705,100.516,101.219,100.472,99.731,100.721,99.006,99.9125,100.353,100.215,99.7051,99.8882,100.619,101.776,99.1409,100.233,99.8666,99.5333,99.5386,104.979,101.267,218.5,252.594,98.4451,100.356,97.9731,101.03,100.456,99.2788,100.077,25538.5,97.272,2.2,2760.17,7330.54,-26.1894,12457.5,198.4,185.0,0.8837,50.78,2485.14,69.0,14.0,4.10818
2018-12-31,68.6586,151.12,246.24,339.308,50.57,100.02,99.6251,100.319,101.05,100.489,99.5682,100.671,98.8576,99.6848,100.499,100.15,99.5464,99.7464,100.499,101.687,99.0231,100.177,99.6696,99.452,99.3861,105.177,101.323,213.63,252.767,98.3583,100.154,97.7072,100.928,100.366,99.2213,99.8518,23327.5,96.173,2.27,2506.85,6635.28,-14.7606,11374.4,195.2,190.5,0.8717,45.15,2292.26,64.0,19.9,3.90429
2019-01-31,80.7775,155.5,260.61,334.904,62.46,99.8015,99.64,100.126,100.876,100.509,99.4379,100.649,98.7405,99.4609,100.646,100.071,99.3769,99.574,100.4,101.526,98.9854,100.124,99.5171,99.4121,99.3266,105.252,101.352,206.808,252.718,98.2997,99.933,97.5387,100.819,100.276,99.1779,99.6414,24999.7,95.578,2.4,2704.1,7281.74,-37.3574,12299.0,194.3,180.0,0.8735,53.84,2533.89,59.0,5.0,3.1087
2019-02-28,85.1045,154.44,275.26,329.28,65.03,99.6052,99.7163,99.9273,100.697,100.521,99.3707,100.709,98.6518,99.2579,100.8,99.9841,99.2123,99.3776,100.326,101.328,99.0038,100.072,99.4124,99.3931,99.3482,105.207,101.351,209.143,253.322,98.2669,99.7134,97.4712,100.705,100.2,99.1367,99.4637,25916.0,96.157,2.4,2784.49,7532.53,-89.9006,12644.8,195.4,175.6,0.8794,57.21,2496.55,65.0,10.9,2.6795
2019-03-31,88.8419,151.6,274.14,310.501,67.93,99.4225,99.798,99.7297,100.517,100.515,99.3714,100.826,98.5501,99.0646,100.959,99.8904,99.0568,99.1743,100.268,101.11,99.0426,100.018,99.3346,99.3667,99.4066,105.087,101.317,214.305,254.202,98.2589,99.4948,97.4688,100.592,100.138,99.0713,99.3212,25928.7,97.284,2.41,2834.4,7729.32,-82.2839,12696.9,197.4,175.7,0.8902,60.19,2543.62,67.0,15.1,2.80333
2019-04-30,94.4962,150.11,270.46,294.278,72.19,99.2352,99.8531,99.5247,100.338,100.481,99.4368,100.938,98.4306,98.8765,101.114,99.7915,98.9133,98.9776,100.214,100.885,99.0731,99.9586,99.2668,99.3217,99.4695,104.942,101.244,222.3,255.211,98.2489,99.2753,97.4938,100.482,100.078,98.9731,99.1927,26592.9,97.479,2.42,2945.83,8095.39,-69.694,13060.7,199.2,176.0,0.8916,63.83,2573.58,77.0,30.9,2.59727
2019-05-31,79.0176,152.37,245.87,275.949,66.78,99.0346,99.8673,99.3201,100.163,100.421,99.5418,101.021,98.2983,98.6782,101.255,99.6909,98.7856,98.7998,100.147,100.639,99.0835,99.8883,99.2045,99.2541,99.52,104.814,101.14,219.682,255.29,98.2349,99.0513,97.5198,100.375,100.013,98.8669,99.0761,24815.0,97.75,2.39,2752.06,7453.15,-40.2732,12264.5,199.1,172.7,0.894,53.49,2442.57,87.0,43.0,2.59174
2019-06-30,85.8165,164.29,252.62,258.753,67.52,98.8214,99.8481,99.1194,99.996,100.346,99.6493,101.047,98.1499,98.4708,101.386,99.5974,98.686,98.6412,100.061,100.403,99.0973,99.8055,99.1638,99.1792,99.5627,104.733,101.01,213.339,255.159,98.2208,98.8323,97.5215,100.272,99.932,98.7706,98.9747,26600.0,96.13,2.38,2941.76,8006.24,-27.5495,13049.7,197.0,164.7,0.8808,58.2,2574.61,87.0,53.0,2.33
2019-07-31,85.9045,165.63,248.2,253.196,64.07,98.6199,99.8075,98.9267,99.8405,100.282,99.7561,101.038,98.035,98.2926,101.505,99.5245,98.6364,98.5002,99.9325,100.259,99.1426,99.7102,99.1588,99.1089,99.5996,104.714,100.862,215.128,255.685,98.198,98.6593,97.497,100.175,99.8386,98.6778,98.8932,26864.3,98.516,2.4,2980.38,8175.42,18.9641,13066.6,197.5,166.7,0.9027,58.53,2539.64,97.0,64.0,2.30217
2019-08-31,80.9168,176.18,236.82,252.286,61.04,98.4594,99.763,98.7474,99.6991,100.24,99.8495,101.038,98.0324,98.1695,101.596,99.4818,98.6485,98.3773,99.7434,100.283,99.2349,99.6043,99.1948,99.0563,99.6346,104.75,100.701,213.335,256.059,98.1523,98.5769,97.4523,100.087,99.7296,98.6143,98.8412,26403.3,98.916,2.13,2926.46,7962.88,24.8021,12736.9,196.4,163.5,0.9097,55.07,2419.55,93.0,57.0,2.17364
2019-09-30,79.708,169.67,239.32,252.937,60.99,98.3525,99.7086,98.6019,99.5729,100.227,99.9672,101.126,98.096,98.1064,101.656,99.4781,98.7263,98.2863,99.5069,100.482,99.3947,99.4888,99.281,99.0347,99.693,104.806,100.53,213.647,256.511,98.0867,98.5835,97.4283,100.007,99.6051,98.5952,98.8453,26916.8,99.377,2.04,2976.74,7999.34,37.6975,13004.7,195.9,166.1,0.9173,54.09,2488.16,92.0,50.0,2.50714
2019-10-31,80.1402,174.5,244.85,257.738,59.3,98.2956,99.6257,98.5012,99.4613,100.225,100.114,101.288,98.2057,98.109,101.663,99.5041,98.8521,98.2421,99.2225,100.785,99.6031,99.3639,99.3939,99.0283,99.7715,104.81,100.352,216.546,257.244,98.0296,98.6571,97.4786,99.9372,99.4549,98.6299,98.8996,27046.2,97.352,1.83,3037.56,8292.36,16.4773,13171.8,196.6,163.1,0.8965,54.02,2450.99,80.0,43.0,2.34087
2019-11-30,81.4993,168.85,246.09,215.191,64.5,98.2679,99.4945,98.4359,99.3623,100.221,100.286,101.469,98.3244,98.1467,101.617,99.5398,98.9961,98.2329,98.9162,101.092,99.8283,99.2308,99.5023,99.0164,99.8577,104.655,100.171,217.228,257.803,98.0184,98.7569,97.6446,99.8752,99.2849,98.7061,98.9809,28051.4,98.273,1.55,3140.98,8665.47,-8.7899,13545.2,196.5,169.6,0.9075,58.12,2447.01,72.0,21.0,2.62524
2019-12-31,90.3776,174.63,258.62,208.495,67.77,98.249,99.2916,98.396,99.2742,100.177,100.45,101.603,98.4352,98.1856,101.536,99.5655,99.128,98.2344,98.5942,101.285,100.038,99.0932,99.5699,98.9763,99.9157,104.23,99.9869,221.757,258.616,98.0682,98.8339,97.926,99.8216,99.0899,98.7956,99.0579,28538.4,96.389,1.55,3230.78,8972.6,-11.6518,13913.0,196.4,170.6,0.8917,61.14,2552.56,63.0,15.1,2.28273
2020-01-31,76.6804,181.32,232.73,177.868,57.77,98.225,98.9909,98.3687,99.1966,100.079,100.563,101.625,98.5752,98.1991,101.447,99.5702,99.2413,98.237,98.2272,101.282,100.202,98.9575,99.578,98.8976,99.9121,103.456,99.8,219.917,259.037,98.1858,98.8618,98.3136,99.7786,98.8572,98.8582,99.0926,28256.0,97.39,1.55,3225.52,9150.94,-79.4526,13614.1,196.6,166.2,0.9013,51.58,2431.41,73.0,14.0,2.03391
2020-02-29,66.1824,178.9,234.15,159.217,51.31,98.1796,98.5937,98.3279,99.1288,99.9137,100.605,101.512,98.7452,98.2004,101.387,99.5553,99.3493,98.2363,97.8186,101.062,100.31,98.8334,99.5307,98.7882,99.8292,102.354,99.6099,214.991,259.248,83.474,98.8189,98.7965,99.7486,98.5935,98.9088,99.0545,25409.4,98.132,1.58,2954.22,8567.37,-121.278,12381.0,195.1,154.7,0.9068,44.83,2213.7,64.0,12.0,1.845
2020-03-31,30.1606,181.97,205.39,150.76,14.85,97.0447,98.1813,98.3,91.8604,99.6975,100.574,101.288,98.965,96.0001,101.373,99.534,99.4694,98.2436,97.3915,93.0407,97.6119,98.7331,97.9049,98.6883,96.7536,101.048,99.4185,201.747,258.124,88.0548,95.9954,95.6827,88.7153,98.0086,98.9657,97.6485,21917.2,99.048,0.65,2584.59,7700.1,-94.156,10301.9,192.3,136.8,0.9064,20.51,1537.0,72.0,19.0,1.73318
2020-04-30,22.9195,193.1,214.9,170.051,18.11,94.9444,97.8799,98.3491,84.1706,97.2474,96.9266,97.2703,94.043,92.1459,102.804,99.5194,99.5902,90.7745,95.1262,85.555,97.138,98.6697,98.0426,98.6657,96.8623,99.7149,99.2305,183.034,256.092,91.3813,90.7572,87.1779,69.4026,97.4411,99.0543,92.7332,24345.7,99.016,0.05,2912.43,8889.55,-83.2296,11372.3,186.1,120.6,0.9125,19.23,1939.84,62.0,30.9,1.76364
2020-05-31,34.2837,198.33,222.37,144.896,34.15,96.0306,97.7712,98.5651,86.2579,97.8486,97.1466,97.0342,93.4928,95.7633,103.039,99.5216,99.6909,92.7334,92.9516,91.2566,97.5913,98.6477,98.3484,98.7385,97.2327,98.5257,97.4289,179.281,255.868,95.5453,93.0737,89.2402,84.019,96.9976,99.1968,94.3379,25383.1,98.297,0.05,3044.31,9489.87,-113.567,11803.0,188.9,129.2,0.8982,35.57,1921.86,83.0,34.0,1.80905
2020-06-30,37.2575,203.85,248.76,129.255,41.64,96.9301,97.8821,98.9398,90.9196,99.1983,97.6518,98.2848,100.355,98.8101,102.839,99.5421,99.7676,95.3194,93.2474,96.193,98.3038,98.6691,98.8781,98.8952,98.0123,97.5969,98.8827,187.134,256.986,97.6739,97.2322,94.8003,91.2589,97.1934,99.4257,96.1971,25812.9,97.391,0.08,3100.29,10058.8,-28.6682,11893.8,190.2,138.7,0.8901,39.27,1993.15,91.0,48.0,1.69955
2020-07-31,38.1382,221.26,261.48,129.978,43.13,98.3186,98.1836,99.372,95.6223,99.2756,99.1009,97.9056,100.994,99.1599,101.427,99.5705,99.8287,98.5853,96.0613,98.5989,98.2097,98.7319,98.7167,99.1101,98.2197,96.9567,98.73,191.45,258.278,99.3378,98.613,99.2001,94.5733,97.8382,99.7315,97.7507,26428.3,93.349,0.09,3271.12,10745.3,6.41181,12465.0,192.3,140.1,0.8488,40.1,2058.74,95.0,60.0,1.76478
2020-08-31,40.0612,220.44,276.95,171.663,45.22,98.6165,98.5987,99.801,98.8705,99.2912,98.826,98.0089,101.55,99.4773,101.273,99.6019,99.8922,98.728,97.2697,98.2778,98.2879,98.8322,98.8937,99.3661,98.8995,96.5548,98.5941,194.238,259.411,100.963,99.0663,99.0339,96.3136,98.2619,100.093,98.4285,28430.1,92.144,0.1,3500.31,11775.5,-1.29287,13045.6,193.0,146.6,0.8377,42.61,2105.19,93.0,58.0,2.34048
